Workbook

Sheet Read Me
A1: ResolveX - Data Workbook
A3: What is in this file
A4: Sections: the 3 sections and their student strength (CSE 50, AIDS 40, AIML 10). Blue cells are the inputs.
A5: Students: all 100 students, one login each (username cse1..cse50, aids1..aids40, aiml1..aiml10).
A6: Complaints: 100 complaints, one reported by every student. Votes, Support % and Priority Score are FORMULAS.
A7: Summary: section-wise counts (all formulas).
A8: Formula: the weights of the priority formula (blue cells). Change a weight and every score updates.
A10: How this connects to the Java project
A11: The Java program reads data/import/students.csv and data/import/complaints.csv on the first run.
A12: These two CSV files hold exactly the same data as the Students and Complaints sheets (without the formula columns).
A13: To use your own data: edit the two CSV files in Excel, delete the 4 .txt files in the data folder, run the project again.
A15: IMPORTANT - student names
... A18: Default password of every student: pass123. Admin: admin / admin123.

Sheet Summary
A1: Section | B1: Students | C1: Complaints | D1: Complaints per student | E1: Open | F1: In Progress | G1: Resolved / Closed | H1: Safety critical (open) | I1: Average support %
A2: CSE | B2: =INDEX(Sections!$B$2:$B$4,MATCH(A2,Sections!$A$2:$A$4,0)) -> 50 | C2: =COUNTIF(Complaints!$E$2:$E$101,A2) -> 50 | D2: =C2/B2 -> 1 | E2: =C2-F2-G2-COUNTIFS(Complaints!$E$2:$E$101,A2,Complaints!$K$2:$K$101,"Rejected") -> 31 | F2: =COUNTIFS(Complaints!$E$2:$E$101,A2,Complaints!$K$2:$K$101,"In Progress") -> 7 | G2: =COUNTIFS(Complaints!$E$2:$E$101,A2,Complaints!$K$2:$K$101,"Resolved")+COUNTIFS(Complaints!$E$2:$E$101,A2,Complaints!$K$2:$K$101,"Closed") -> 10 | H2: =COUNTIFS(Complaints!$E$2:$E$101,A2,Complaints!$J$2:$J$101,"YES") -> 2 | I2: =AVERAGEIF(Complaints!$E$2:$E$101,A2,Complaints!$R$2:$R$101) -> 0.2072
A3: AIDS | B3: =INDEX(Sections!$B$2:$B$4,MATCH(A3,Sections!$A$2:$A$4,0)) -> 40 | C3: =COUNTIF(Complaints!$E$2:$E$101,A3) -> 40 | D3: =C3/B3 -> 1 | E3: =C3-F3-G3-COUNTIFS(Complaints!$E$2:$E$101,A3,Complaints!$K$2:$K$101,"Rejected") -> 25 | F3: =COUNTIFS(Complaints!$E$2:$E$101,A3,Complaints!$K$2:$K$101,"In Progress") -> 7 | G3: =COUNTIFS(Complaints!$E$2:$E$101,A3,Complaints!$K$2:$K$101,"Resolved")+COUNTIFS(Complaints!$E$2:$E$101,A3,Complaints!$K$2:$K$101,"Closed") -> 7 | H3: =COUNTIFS(Complaints!$E$2:$E$101,A3,Complaints!$J$2:$J$101,"YES") -> 1 | I3: =AVERAGEIF(Complaints!$E$2:$E$101,A3,Complaints!$R$2:$R$101) -> 0.22875
A4: AIML | B4: =INDEX(Sections!$B$2:$B$4,MATCH(A4,Sections!$A$2:$A$4,0)) -> 10 | C4: =COUNTIF(Complaints!$E$2:$E$101,A4) -> 10 | D4: =C4/B4 -> 1 | E4: =C4-F4-G4-COUNTIFS(Complaints!$E$2:$E$101,A4,Complaints!$K$2:$K$101,"Rejected") -> 7 | F4: =COUNTIFS(Complaints!$E$2:$E$101,A4,Complaints!$K$2:$K$101,"In Progress") -> 2 | G4: =COUNTIFS(Complaints!$E$2:$E$101,A4,Complaints!$K$2:$K$101,"Resolved")+COUNTIFS(Complaints!$E$2:$E$101,A4,Complaints!$K$2:$K$101,"Closed") -> 1 | H4: =COUNTIFS(Complaints!$E$2:$E$101,A4,Complaints!$J$2:$J$101,"YES") -> 0 | I4: =AVERAGEIF(Complaints!$E$2:$E$101,A4,Complaints!$R$2:$R$101) -> 0.33
A5: Total | B5: =SUM(B2:B4) -> 100 | C5: =SUM(C2:C4) -> 100 | D5: =C5/B5 -> 1 | E5: =SUM(E2:E4) -> 63 | F5: =SUM(F2:F4) -> 16 | G5: =SUM(G2:G4) -> 18 | H5: =SUM(H2:H4) -> 3
A7: Open = not Resolved, Closed or Rejected and not In Progress (same rule as the admin dashboard).

Sheet Sections
A1: Section | B1: Students (strength) | C1: Students listed in Students sheet | D1: Check
A2: CSE | B2: 50 | C2: =COUNTIF(Students!$C$2:$C$101,A2) -> 50 | D2: =IF(B2=C2,"OK","MISMATCH") -> OK
A3: AIDS | B3: 40 | C3: =COUNTIF(Students!$C$2:$C$101,A3) -> 40 | D3: =IF(B3=C3,"OK","MISMATCH") -> OK
A4: AIML | B4: 10 | C4: =COUNTIF(Students!$C$2:$C$101,A4) -> 10 | D4: =IF(B4=C4,"OK","MISMATCH") -> OK
A5: Total | B5: =SUM(B2:B4) -> 100 | C5: =SUM(C2:C4) -> 100
A7: Source: section strength given by the project owner: CSE = 50, AIDS = 40, AIML = 10 students.

Sheet Students
A1: Username | B1: Full name (replace with real name) | C1: Section | D1: Default password | E1: Complaints reported
A2: cse1 | B2: Mihir Singh | C2: CSE | D2: pass123 | E2: =COUNTIF(Complaints!$F$2:$F$101,A2) -> 1
A3: cse2 | B3: Apoorva Menon | C3: CSE | D3: pass123 | E3: =COUNTIF(Complaints!$F$2:$F$101,A3) -> 1
A4: cse3 | B4: Tejas Desai | C4: CSE | D4: pass123 | E4: =COUNTIF(Complaints!$F$2:$F$101,A4) -> 1
A5: cse4 | B5: Swati Apte | C5: CSE | D5: pass123 | E5: =COUNTIF(Complaints!$F$2:$F$101,A5) -> 1
A6: cse5 | B6: Pallavi Sawant | C6: CSE | D6: pass123 | E6: =COUNTIF(Complaints!$F$2:$F$101,A6) -> 1
A7: cse6 | B7: Sayali Raut | C7: CSE | D7: pass123 | E7: =COUNTIF(Complaints!$F$2:$F$101,A7) -> 1
A8: cse7 | B8: Vaishnavi Tambe | C8: CSE | D8: pass123 | E8: =COUNTIF(Complaints!$F$2:$F$101,A8) -> 1
A9: cse8 | B9: Kiran Thakur | C9: CSE | D9: pass123 | E9: =COUNTIF(Complaints!$F$2:$F$101,A9) -> 1
A10: cse9 | B10: Vedant Sharma | C10: CSE | D10: pass123 | E10: =COUNTIF(Complaints!$F$2:$F$101,A10) -> 1
A11: cse10 | B11: Harshada Jadhav | C11: CSE | D11: pass123 | E11: =COUNTIF(Complaints!$F$2:$F$101,A11) -> 1
A12: cse11 | B12: Yash Nair | C12: CSE | D12: pass123 | E12: =COUNTIF(Complaints!$F$2:$F$101,A12) -> 1
A13: cse12 | B13: Harsh Thakur | C13: CSE | D13: pass123 | E13: =COUNTIF(Complaints!$F$2:$F$101,A13) -> 1
... A101: aiml10 | B101: Tejas Kamat | C101: AIML | D101: pass123 | E101: =COUNTIF(Complaints!$F$2:$F$101,A101) -> 1

Sheet Complaints
A1: ID | B1: Title | C1: Description | D1: Category | E1: Section | F1: Reported by (username) | G1: Student name | H1: Urgency (1-5) | I1: Severity (1-5) | J1: Safety critical | K1: Status | L1: Assigned to | M1: Admin note | N1: Days waiting | O1: Supporters (usernames) | P1: Votes | Q1: Students in section | R1: Support % | S1: Priority score (%)
A2: 1001 | B2: Frequent power cuts in Room 204 | C2: Power goes off many times a day in Room 204 and there is no backup for the lights. | D2: Electrical | E2: CSE | F2: cse1 | G2: =INDEX(Students!$B$2:$B$101,MATCH(F2,Students!$A$2:$A$101,0)) -> Mihir Singh | H2: 4 | I2: 3 | J2: NO | K2: In Progress | L2: Maintenance Team | M2: Work has started on this issue. | N2: 22 | O2: cse1;cse18;cse47;cse36;cse35;cse17;cse29;cse8;cse24 | P2: =IF(O2="",0,LEN(O2)-LEN(SUBSTITUTE(O2,";",""))+1) -> 9 | Q2: =INDEX(Sections!$B$2:$B$4,MATCH(E2,Sections!$A$2:$A$4,0)) -> 50 | R2: =P2/Q2 -> 0.18 | S2: =ROUND(Formula!$B$2*I2*20+Formula!$B$3*R2*100+Formula!$B$4*H2*20+Formula!$B$5*MIN(N2*100/Formula!$B$7,100),2)/100 -> 0.5063
A3: 1002 | B3: Software not installed in CSE Lab 1 | C3: Required IDE and Python packages are missing on many systems in CSE Lab 1. | D3: IT / Network | E3: CSE | F3: cse2 | G3: =INDEX(Students!$B$2:$B$101,MATCH(F3,Students!$A$2:$A$101,0)) -> Apoorva Menon | H3: 3 | I3: 2 | J3: NO | K3: In Progress | L3: IT Department | M3: Work has started on this issue. | N3: 9 | O3: cse2;cse1;cse11;cse40;cse48;cse21;cse18;cse29;cse8;cse16;cse25;cse6;cse28 | P3: =IF(O3="",0,LEN(O3)-LEN(SUBSTITUTE(O3,";",""))+1) -> 13 | Q3: =INDEX(Sections!$B$2:$B$4,MATCH(E3,Sections!$A$2:$A$4,0)) -> 50 | R3: =P3/Q3 -> 0.26 | S3: =ROUND(Formula!$B$2*I3*20+Formula!$B$3*R3*100+Formula!$B$4*H3*20+Formula!$B$5*MIN(N3*100/Formula!$B$7,100),2)/100 -> 0.381
A4: 1003 | B4: Ceiling fan not working in Room 204 | C4: Two ceiling fans in Room 204 do not rotate, class is very hot in the afternoon. | D4: Electrical | E4: CSE | F4: cse3 | G4: =INDEX(Students!$B$2:$B$101,MATCH(F4,Students!$A$2:$A$101,0)) -> Tejas Desai | H4: 3 | I4: 2 | J4: NO | K4: Resolved | L4: Maintenance Team | M4: Issue has been fixed. Waiting for the reporter to confirm. | N4: 14 | O4: cse3;cse7;cse38;cse41;cse18;cse22;cse29;cse48;cse39;cse21;cse16;cse40 | P4: =IF(O4="",0,LEN(O4)-LEN(SUBSTITUTE(O4,";",""))+1) -> 12 | Q4: =INDEX(Sections!$B$2:$B$4,MATCH(E4,Sections!$A$2:$A$4,0)) -> 50 | R4: =P4/Q4 -> 0.24 | S4: =ROUND(Formula!$B$2*I4*20+Formula!$B$3*R4*100+Formula!$B$4*H4*20+Formula!$B$5*MIN(N4*100/Formula!$B$7,100),2)/100 -> 0.3907
A5: 1004 | B5: Wi-Fi keeps disconnecting in Room 204 | C5: Wi-Fi drops every few minutes in Room 204, online tests and downloads fail. | D5: IT / Network | E5: CSE | F5: cse4 | G5: =INDEX(Students!$B$2:$B$101,MATCH(F5,Students!$A$2:$A$101,0)) -> Swati Apte | H5: 5 | I5: 3 | J5: NO | K5: Assigned | L5: IT Department | M5: Assigned to the concerned team. | N5: 6 | O5: cse4;cse35;cse28;cse18;cse3;cse37;cse41;cse48;cse50;cse31;cse20;cse49;cse44;cse15;cse30;cse12;cse24;cse21;cse39;cse11;cse5;cse29;cse34;cse9;cse1;cse8;cse46;cse25;cse36 | P5: =IF(O5="",0,LEN(O5)-LEN(SUBSTITUTE(O5,";",""))+1) -> 29 | Q5: =INDEX(Sections!$B$2:$B$4,MATCH(E5,Sections!$A$2:$A$4,0)) -> 50 | R5: =P5/Q5 -> 0.58 | S5: =ROUND(Formula!$B$2*I5*20+Formula!$B$3*R5*100+Formula!$B$4*H5*20+Formula!$B$5*MIN(N5*100/Formula!$B$7,100),2)/100 -> 0.633
A6: 1005 | B6: Tube lights flickering in Room 302 | C6: Lights keep flickering in Room 302 and it strains the eyes while writing. | D6: Electrical | E6: CSE | F6: cse5 | G6: =INDEX(Students!$B$2:$B$101,MATCH(F6,Students!$A$2:$A$101,0)) -> Pallavi Sawant | H6: 3 | I6: 2 | J6: NO | K6: Resolved | L6: Maintenance Team | M6: Issue has been fixed. Waiting for the reporter to confirm. | N6: 4 | O6: cse5;cse48;cse42;cse9;cse44;cse23;cse27;cse43;cse29;cse41 | P6: =IF(O6="",0,LEN(O6)-LEN(SUBSTITUTE(O6,";",""))+1) -> 10 | Q6: =INDEX(Sections!$B$2:$B$4,MATCH(E6,Sections!$A$2:$A$4,0)) -> 50 | R6: =P6/Q6 -> 0.2 | S6: =ROUND(Formula!$B$2*I6*20+Formula!$B$3*R6*100+Formula!$B$4*H6*20+Formula!$B$5*MIN(N6*100/Formula!$B$7,100),2)/100 -> 0.3433
A7: 1006 | B7: Wi-Fi keeps disconnecting in Room 401 | C7: Wi-Fi drops every few minutes in Room 401, online tests and downloads fail. | D7: IT / Network | E7: CSE | F7: cse6 | G7: =INDEX(Students!$B$2:$B$101,MATCH(F7,Students!$A$2:$A$101,0)) -> Sayali Raut | H7: 5 | I7: 3 | J7: NO | K7: Assigned | L7: IT Department | M7: Assigned to the concerned team. | N7: 23 | O7: cse6;cse26;cse45;cse8;cse25;cse29;cse49 | P7: =IF(O7="",0,LEN(O7)-LEN(SUBSTITUTE(O7,";",""))+1) -> 7 | Q7: =INDEX(Sections!$B$2:$B$4,MATCH(E7,Sections!$A$2:$A$4,0)) -> 50 | R7: =P7/Q7 -> 0.14 | S7: =ROUND(Formula!$B$2*I7*20+Formula!$B$3*R7*100+Formula!$B$4*H7*20+Formula!$B$5*MIN(N7*100/Formula!$B$7,100),2)/100 -> 0.5357
A8: 1007 | B8: Water leakage in washroom near Room 302 | C8: Water leaks from the pipe all day and the floor stays wet and slippery. | D8: Facilities | E8: CSE | F8: cse7 | G8: =INDEX(Students!$B$2:$B$101,MATCH(F8,Students!$A$2:$A$101,0)) -> Vaishnavi Tambe | H8: 5 | I8: 3 | J8: NO | K8: Submitted | N8: 4 | O8: cse7;cse22;cse38;cse26;cse24;cse1;cse47;cse48;cse45;cse18;cse32;cse46;cse25;cse28;cse31;cse3;cse2;cse20;cse4;cse33;cse44;cse12;cse15;cse10;cse14;cse11;cse43;cse49 | P8: =IF(O8="",0,LEN(O8)-LEN(SUBSTITUTE(O8,";",""))+1) -> 28 | Q8: =INDEX(Sections!$B$2:$B$4,MATCH(E8,Sections!$A$2:$A$4,0)) -> 50 | R8: =P8/Q8 -> 0.56 | S8: =ROUND(Formula!$B$2*I8*20+Formula!$B$3*R8*100+Formula!$B$4*H8*20+Formula!$B$5*MIN(N8*100/Formula!$B$7,100),2)/100 -> 0.6193
A9: 1008 | B9: Bonafide certificate delayed | C9: Bonafide certificate applied two weeks ago has not been issued yet. | D9: Administrative | E9: CSE | F9: cse8 | G9: =INDEX(Students!$B$2:$B$101,MATCH(F9,Students!$A$2:$A$101,0)) -> Kiran Thakur | H9: 3 | I9: 3 | J9: NO | K9: Submitted | N9: 3 | O9: cse8 | P9: =IF(O9="",0,LEN(O9)-LEN(SUBSTITUTE(O9,";",""))+1) -> 1 | Q9: =INDEX(Sections!$B$2:$B$4,MATCH(E9,Sections!$A$2:$A$4,0)) -> 50 | R9: =P9/Q9 -> 0.02 | S9: =ROUND(Formula!$B$2*I9*20+Formula!$B$3*R9*100+Formula!$B$4*H9*20+Formula!$B$5*MIN(N9*100/Formula!$B$7,100),2)/100 -> 0.347
A10: 1009 | B10: Frequent power cuts in Room 302 | C10: Power goes off many times a day in Room 302 and there is no backup for the lights. | D10: Electrical | E10: CSE | F10: cse9 | G10: =INDEX(Students!$B$2:$B$101,MATCH(F10,Students!$A$2:$A$101,0)) -> Vedant Sharma | H10: 4 | I10: 3 | J10: NO | K10: Under Review | M10: Complaint is being reviewed by the admin. | N10: 4 | O10: cse9;cse5;cse16;cse13 | P10: =IF(O10="",0,LEN(O10)-LEN(SUBSTITUTE(O10,";",""))+1) -> 4 | Q10: =INDEX(Sections!$B$2:$B$4,MATCH(E10,Sections!$A$2:$A$4,0)) -> 50 | R10: =P10/Q10 -> 0.08 | S10: =ROUND(Formula!$B$2*I10*20+Formula!$B$3*R10*100+Formula!$B$4*H10*20+Formula!$B$5*MIN(N10*100/Formula!$B$7,100),2)/100 -> 0.4113
A11: 1010 | B11: Cannot login to college portal | C11: Student portal shows an error after entering the correct password. | D11: IT / Network | E11: CSE | F11: cse10 | G11: =INDEX(Students!$B$2:$B$101,MATCH(F11,Students!$A$2:$A$101,0)) -> Harshada Jadhav | H11: 4 | I11: 3 | J11: NO | K11: In Progress | L11: IT Department | M11: Work has started on this issue. | N11: 10 | O11: cse10;cse25 | P11: =IF(O11="",0,LEN(O11)-LEN(SUBSTITUTE(O11,";",""))+1) -> 2 | Q11: =INDEX(Sections!$B$2:$B$4,MATCH(E11,Sections!$A$2:$A$4,0)) -> 50 | R11: =P11/Q11 -> 0.04 | S11: =ROUND(Formula!$B$2*I11*20+Formula!$B$3*R11*100+Formula!$B$4*H11*20+Formula!$B$5*MIN(N11*100/Formula!$B$7,100),2)/100 -> 0.4173
A12: 1011 | B12: Broken benches in Room 105 | C12: Several benches in Room 105 are broken and students have to stand or share. | D12: Facilities | E12: CSE | F12: cse11 | G12: =INDEX(Students!$B$2:$B$101,MATCH(F12,Students!$A$2:$A$101,0)) -> Yash Nair | H12: 3 | I12: 2 | J12: NO | K12: Reopened | L12: Civil Department | M12: Reporter says the problem is not fixed. | N12: 8 | O12: cse11;cse41;cse36;cse31;cse7;cse45;cse50;cse49;cse35;cse42;cse46;cse4;cse20 | P12: =IF(O12="",0,LEN(O12)-LEN(SUBSTITUTE(O12,";",""))+1) -> 13 | Q12: =INDEX(Sections!$B$2:$B$4,MATCH(E12,Sections!$A$2:$A$4,0)) -> 50 | R12: =P12/Q12 -> 0.26 | S12: =ROUND(Formula!$B$2*I12*20+Formula!$B$3*R12*100+Formula!$B$4*H12*20+Formula!$B$5*MIN(N12*100/Formula!$B$7,100),2)/100 -> 0.3777
A13: 1012 | B13: Library printer out of ink | C13: Printer in the library has no ink, notes and assignments cannot be printed. | D13: Facilities | E13: CSE | F13: cse12 | G13: =INDEX(Students!$B$2:$B$101,MATCH(F13,Students!$A$2:$A$101,0)) -> Harsh Thakur | H13: 2 | I13: 3 | J13: NO | K13: Submitted | N13: 2 | O13: cse12;cse28;cse16;cse8;cse46;cse5;cse7;cse47;cse39;cse26;cse3;cse9;cse30;cse37;cse2;cse20;cse50;cse25;cse43;cse45;cse31 | P13: =IF(O13="",0,LEN(O13)-LEN(SUBSTITUTE(O13,";",""))+1) -> 21 | Q13: =INDEX(Sections!$B$2:$B$4,MATCH(E13,Sections!$A$2:$A$4,0)) -> 50 | R13: =P13/Q13 -> 0.42 | S13: =ROUND(Formula!$B$2*I13*20+Formula!$B$3*R13*100+Formula!$B$4*H13*20+Formula!$B$5*MIN(N13*100/Formula!$B$7,100),2)/100 -> 0.4437
A14: 1013 | B14: Ceiling fan not working in Room 401 | C14: Two ceiling fans in Room 401 do not rotate, class is very hot in the afternoon. | D14: Electrical | E14: CSE | F14: cse13 | G14: =INDEX(Students!$B$2:$B$101,MATCH(F14,Students!$A$2:$A$101,0)) -> Amit Rane | H14: 3 | I14: 2 | J14: NO | K14: In Progress | L14: Maintenance Team | M14: Work has started on this issue. | N14: 11 | O14: cse13;cse21 | P14: =IF(O14="",0,LEN(O14)-LEN(SUBSTITUTE(O14,";",""))+1) -> 2 | Q14: =INDEX(Sections!$B$2:$B$4,MATCH(E14,Sections!$A$2:$A$4,0)) -> 50 | R14: =P14/Q14 -> 0.04 | S14: =ROUND(Formula!$B$2*I14*20+Formula!$B$3*R14*100+Formula!$B$4*H14*20+Formula!$B$5*MIN(N14*100/Formula!$B$7,100),2)/100 -> 0.3107
A15: 1014 | B15: Tube lights flickering in Room 305 | C15: Lights keep flickering in Room 305 and it strains the eyes while writing. | D15: Electrical | E15: CSE | F15: cse14 | G15: =INDEX(Students!$B$2:$B$101,MATCH(F15,Students!$A$2:$A$101,0)) -> Vaishnavi Rane | H15: 3 | I15: 3 | J15: NO | K15: Submitted | N15: 2 | O15: cse14;cse42;cse36 | P15: =IF(O15="",0,LEN(O15)-LEN(SUBSTITUTE(O15,";",""))+1) -> 3 | Q15: =INDEX(Sections!$B$2:$B$4,MATCH(E15,Sections!$A$2:$A$4,0)) -> 50 | R15: =P15/Q15 -> 0.06 | S15: =ROUND(Formula!$B$2*I15*20+Formula!$B$3*R15*100+Formula!$B$4*H15*20+Formula!$B$5*MIN(N15*100/Formula!$B$7,100),2)/100 -> 0.3577
A16: 1015 | B16: Exam hall ticket error | C16: Name spelling on the hall ticket is wrong and needs correction before exams. | D16: Administrative | E16: CSE | F16: cse15 | G16: =INDEX(Students!$B$2:$B$101,MATCH(F16,Students!$A$2:$A$101,0)) -> Sneha Naik | H16: 5 | I16: 3 | J16: NO | K16: Submitted | N16: 4 | O16: cse15;cse27;cse47 | P16: =IF(O16="",0,LEN(O16)-LEN(SUBSTITUTE(O16,";",""))+1) -> 3 | Q16: =INDEX(Sections!$B$2:$B$4,MATCH(E16,Sections!$A$2:$A$4,0)) -> 50 | R16: =P16/Q16 -> 0.06 | S16: =ROUND(Formula!$B$2*I16*20+Formula!$B$3*R16*100+Formula!$B$4*H16*20+Formula!$B$5*MIN(N16*100/Formula!$B$7,100),2)/100 -> 0.4443
A17: 1016 | B17: Broken window glass in Room 101 | C17: Window glass in Room 101 is cracked and rain water comes inside. | D17: Facilities | E17: CSE | F17: cse16 | G17: =INDEX(Students!$B$2:$B$101,MATCH(F17,Students!$A$2:$A$101,0)) -> Tanvi Shah | H17: 3 | I17: 3 | J17: NO | K17: In Progress | L17: Civil Department | M17: Work has started on this issue. | N17: 5 | O17: cse16;cse31 | P17: =IF(O17="",0,LEN(O17)-LEN(SUBSTITUTE(O17,";",""))+1) -> 2 | Q17: =INDEX(Sections!$B$2:$B$4,MATCH(E17,Sections!$A$2:$A$4,0)) -> 50 | R17: =P17/Q17 -> 0.04 | S17: =ROUND(Formula!$B$2*I17*20+Formula!$B$3*R17*100+Formula!$B$4*H17*20+Formula!$B$5*MIN(N17*100/Formula!$B$7,100),2)/100 -> 0.3607
A18: 1017 | B18: Emergency exit blocked on third floor | C18: Old furniture is kept in front of the emergency exit on the third floor. | D18: Safety | E18: CSE | F18: cse17 | G18: =INDEX(Students!$B$2:$B$101,MATCH(F18,Students!$A$2:$A$101,0)) -> Riya Gupta | H18: 5 | I18: 5 | J18: YES | K18: Assigned | L18: Maintenance Team | M18: Assigned to the concerned team. | N18: 15 | O18: cse17;cse28;cse32;cse30;cse42;cse47;cse10;cse1;cse20;cse7;cse9;cse29;cse13 | P18: =IF(O18="",0,LEN(O18)-LEN(SUBSTITUTE(O18,";",""))+1) -> 13 | Q18: =INDEX(Sections!$B$2:$B$4,MATCH(E18,Sections!$A$2:$A$4,0)) -> 50 | R18: =P18/Q18 -> 0.26 | S18: =ROUND(Formula!$B$2*I18*20+Formula!$B$3*R18*100+Formula!$B$4*H18*20+Formula!$B$5*MIN(N18*100/Formula!$B$7,100),2)/100 -> 0.691
A19: 1018 | B19: Lab systems shut down suddenly in Computer Lab 3 | C19: Systems in Computer Lab 3 restart on their own and unsaved programs are lost. | D19: IT / Network | E19: CSE | F19: cse18 | G19: =INDEX(Students!$B$2:$B$101,MATCH(F19,Students!$A$2:$A$101,0)) -> Aarti Mane | H19: 4 | I19: 3 | J19: NO | K19: In Progress | L19: IT Department | M19: Work has started on this issue. | N19: 10 | O19: cse18;cse49;cse31;cse35 | P19: =IF(O19="",0,LEN(O19)-LEN(SUBSTITUTE(O19,";",""))+1) -> 4 | Q19: =INDEX(Sections!$B$2:$B$4,MATCH(E19,Sections!$A$2:$A$4,0)) -> 50 | R19: =P19/Q19 -> 0.08 | S19: =ROUND(Formula!$B$2*I19*20+Formula!$B$3*R19*100+Formula!$B$4*H19*20+Formula!$B$5*MIN(N19*100/Formula!$B$7,100),2)/100 -> 0.4313
A20: 1019 | B20: Power sockets not working in CSE Lab 2 | C20: Most sockets near the benches in CSE Lab 2 give no power, laptops cannot be charged. | D20: Electrical | E20: CSE | F20: cse19 | G20: =INDEX(Students!$B$2:$B$101,MATCH(F20,Students!$A$2:$A$101,0)) -> Trupti Bapat | H20: 3 | I20: 3 | J20: NO | K20: Under Review | M20: Complaint is being reviewed by the admin. | N20: 6 | O20: cse19;cse14;cse22;cse11;cse46;cse20;cse2;cse7;cse13 | P20: =IF(O20="",0,LEN(O20)-LEN(SUBSTITUTE(O20,";",""))+1) -> 9 | Q20: =INDEX(Sections!$B$2:$B$4,MATCH(E20,Sections!$A$2:$A$4,0)) -> 50 | R20: =P20/Q20 -> 0.18 | S20: =ROUND(Formula!$B$2*I20*20+Formula!$B$3*R20*100+Formula!$B$4*H20*20+Formula!$B$5*MIN(N20*100/Formula!$B$7,100),2)/100 -> 0.413
A21: 1020 | B21: Classroom too noisy because of construction | C21: Construction work next to Room 105 makes it hard to hear during lectures. | D21: Academic | E21: CSE | F21: cse20 | G21: =INDEX(Students!$B$2:$B$101,MATCH(F21,Students!$A$2:$A$101,0)) -> Vivek Lad | H21: 3 | I21: 3 | J21: NO | K21: Submitted | N21: 2 | O21: cse20;cse5;cse25;cse27;cse50;cse1;cse49 | P21: =IF(O21="",0,LEN(O21)-LEN(SUBSTITUTE(O21,";",""))+1) -> 7 | Q21: =INDEX(Sections!$B$2:$B$4,MATCH(E21,Sections!$A$2:$A$4,0)) -> 50 | R21: =P21/Q21 -> 0.14 | S21: =ROUND(Formula!$B$2*I21*20+Formula!$B$3*R21*100+Formula!$B$4*H21*20+Formula!$B$5*MIN(N21*100/Formula!$B$7,100),2)/100 -> 0.3857
A22: 1021 | B22: Frequent power cuts in Room 101 | C22: Power goes off many times a day in Room 101 and there is no backup for the lights. | D22: Electrical | E22: CSE | F22: cse21 | G22: =INDEX(Students!$B$2:$B$101,MATCH(F22,Students!$A$2:$A$101,0)) -> Ananya Jadhav | H22: 4 | I22: 3 | J22: NO | K22: Closed | L22: Maintenance Team | M22: Fix confirmed by the reporter. | N22: 22 | O22: cse21;cse6;cse18;cse37;cse15;cse13;cse23;cse17 | P22: =IF(O22="",0,LEN(O22)-LEN(SUBSTITUTE(O22,";",""))+1) -> 8 | Q22: =INDEX(Sections!$B$2:$B$4,MATCH(E22,Sections!$A$2:$A$4,0)) -> 50 | R22: =P22/Q22 -> 0.16 | S22: =ROUND(Formula!$B$2*I22*20+Formula!$B$3*R22*100+Formula!$B$4*H22*20+Formula!$B$5*MIN(N22*100/Formula!$B$7,100),2)/100 -> 0.4993
A23: 1022 | B23: Power sockets not working in Computer Lab 3 | C23: Most sockets near the benches in Computer Lab 3 give no power, laptops cannot be charged. | D23: Electrical | E23: CSE | F23: cse22 | G23: =INDEX(Students!$B$2:$B$101,MATCH(F23,Students!$A$2:$A$101,0)) -> Pallavi Kadam | H23: 3 | I23: 3 | J23: NO | K23: Submitted | N23: 4 | O23: cse22;cse36 | P23: =IF(O23="",0,LEN(O23)-LEN(SUBSTITUTE(O23,";",""))+1) -> 2 | Q23: =INDEX(Sections!$B$2:$B$4,MATCH(E23,Sections!$A$2:$A$4,0)) -> 50 | R23: =P23/Q23 -> 0.04 | S23: =ROUND(Formula!$B$2*I23*20+Formula!$B$3*R23*100+Formula!$B$4*H23*20+Formula!$B$5*MIN(N23*100/Formula!$B$7,100),2)/100 -> 0.3573
A24: 1023 | B24: Tube lights flickering in Room 204 | C24: Lights keep flickering in Room 204 and it strains the eyes while writing. | D24: Electrical | E24: CSE | F24: cse23 | G24: =INDEX(Students!$B$2:$B$101,MATCH(F24,Students!$A$2:$A$101,0)) -> Jayesh Nair | H24: 3 | I24: 2 | J24: NO | K24: Resolved | L24: Maintenance Team | M24: Issue has been fixed. Waiting for the reporter to confirm. | N24: 16 | O24: cse23;cse36;cse5;cse46;cse15;cse31;cse37;cse24;cse9;cse11;cse10;cse13;cse45;cse17;cse8;cse26;cse38;cse32;cse25;cse7;cse34;cse50;cse6;cse12;cse16;cse3;cse21;cse20;cse49;cse44 | P24: =IF(O24="",0,LEN(O24)-LEN(SUBSTITUTE(O24,";",""))+1) -> 30 | Q24: =INDEX(Sections!$B$2:$B$4,MATCH(E24,Sections!$A$2:$A$4,0)) -> 50 | R24: =P24/Q24 -> 0.6 | S24: =ROUND(Formula!$B$2*I24*20+Formula!$B$3*R24*100+Formula!$B$4*H24*20+Formula!$B$5*MIN(N24*100/Formula!$B$7,100),2)/100 -> 0.5233
A25: 1024 | B25: Frequent power cuts in Room 401 | C25: Power goes off many times a day in Room 401 and there is no backup for the lights. | D25: Electrical | E25: CSE | F25: cse24 | G25: =INDEX(Students!$B$2:$B$101,MATCH(F25,Students!$A$2:$A$101,0)) -> Prachi Gaikwad | H25: 4 | I25: 3 | J25: NO | K25: Assigned | L25: Maintenance Team | M25: Assigned to the concerned team. | N25: 21 | O25: cse24;cse36;cse4;cse37;cse23;cse15;cse18;cse32;cse42;cse3;cse20;cse10;cse45 | P25: =IF(O25="",0,LEN(O25)-LEN(SUBSTITUTE(O25,";",""))+1) -> 13 | Q25: =INDEX(Sections!$B$2:$B$4,MATCH(E25,Sections!$A$2:$A$4,0)) -> 50 | R25: =P25/Q25 -> 0.26 | S25: =ROUND(Formula!$B$2*I25*20+Formula!$B$3*R25*100+Formula!$B$4*H25*20+Formula!$B$5*MIN(N25*100/Formula!$B$7,100),2)/100 -> 0.531
A26: 1025 | B26: AC not cooling in CSE Lab 1 | C26: AC in CSE Lab 1 makes noise but gives no cooling, systems heat up. | D26: Electrical | E26: CSE | F26: cse25 | G26: =INDEX(Students!$B$2:$B$101,MATCH(F26,Students!$A$2:$A$101,0)) -> Sayali Reddy | H26: 3 | I26: 3 | J26: NO | K26: Assigned | L26: Maintenance Team | M26: Assigned to the concerned team. | N26: 9 | O26: cse25;cse47;cse7;cse14;cse20;cse8;cse17 | P26: =IF(O26="",0,LEN(O26)-LEN(SUBSTITUTE(O26,";",""))+1) -> 7 | Q26: =INDEX(Sections!$B$2:$B$4,MATCH(E26,Sections!$A$2:$A$4,0)) -> 50 | R26: =P26/Q26 -> 0.14 | S26: =ROUND(Formula!$B$2*I26*20+Formula!$B$3*R26*100+Formula!$B$4*H26*20+Formula!$B$5*MIN(N26*100/Formula!$B$7,100),2)/100 -> 0.409
A27: 1026 | B27: Ceiling fan not working in Room 305 | C27: Two ceiling fans in Room 305 do not rotate, class is very hot in the afternoon. | D27: Electrical | E27: CSE | F27: cse26 | G27: =INDEX(Students!$B$2:$B$101,MATCH(F27,Students!$A$2:$A$101,0)) -> Aditya Dalvi | H27: 3 | I27: 2 | J27: NO | K27: Under Review | M27: Complaint is being reviewed by the admin. | N27: 2 | O27: cse26;cse28;cse5;cse32;cse21;cse19;cse20;cse9;cse4;cse49;cse46;cse29;cse6 | P27: =IF(O27="",0,LEN(O27)-LEN(SUBSTITUTE(O27,";",""))+1) -> 13 | Q27: =INDEX(Sections!$B$2:$B$4,MATCH(E27,Sections!$A$2:$A$4,0)) -> 50 | R27: =P27/Q27 -> 0.26 | S27: =ROUND(Formula!$B$2*I27*20+Formula!$B$3*R27*100+Formula!$B$4*H27*20+Formula!$B$5*MIN(N27*100/Formula!$B$7,100),2)/100 -> 0.3577
A28: 1027 | B28: Software not installed in Computer Lab 3 | C28: Required IDE and Python packages are missing on many systems in Computer Lab 3. | D28: IT / Network | E28: CSE | F28: cse27 | G28: =INDEX(Students!$B$2:$B$101,MATCH(F28,Students!$A$2:$A$101,0)) -> Shruti Agarwal | H28: 3 | I28: 3 | J28: NO | K28: Submitted | N28: 1 | O28: cse27;cse43;cse13;cse36;cse1;cse2;cse21;cse49;cse46;cse42;cse45;cse7;cse17;cse33;cse35;cse28;cse22;cse15;cse3;cse12;cse48;cse37;cse19;cse23;cse16;cse30;cse26;cse31;cse14;cse50;cse11;cse32;cse40;cse9;cse29;cse44 | P28: =IF(O28="",0,LEN(O28)-LEN(SUBSTITUTE(O28,";",""))+1) -> 36 | Q28: =INDEX(Sections!$B$2:$B$4,MATCH(E28,Sections!$A$2:$A$4,0)) -> 50 | R28: =P28/Q28 -> 0.72 | S28: =ROUND(Formula!$B$2*I28*20+Formula!$B$3*R28*100+Formula!$B$4*H28*20+Formula!$B$5*MIN(N28*100/Formula!$B$7,100),2)/100 -> 0.5853
A29: 1028 | B29: Broken benches in Room 302 | C29: Several benches in Room 302 are broken and students have to stand or share. | D29: Facilities | E29: CSE | F29: cse28 | G29: =INDEX(Students!$B$2:$B$101,MATCH(F29,Students!$A$2:$A$101,0)) -> Janhavi Mhatre | H29: 3 | I29: 2 | J29: NO | K29: Rejected | M29: Not a valid complaint after checking. | N29: 19 | O29: cse28;cse6;cse42;cse43 | P29: =IF(O29="",0,LEN(O29)-LEN(SUBSTITUTE(O29,";",""))+1) -> 4 | Q29: =INDEX(Sections!$B$2:$B$4,MATCH(E29,Sections!$A$2:$A$4,0)) -> 50 | R29: =P29/Q29 -> 0.08 | S29: =ROUND(Formula!$B$2*I29*20+Formula!$B$3*R29*100+Formula!$B$4*H29*20+Formula!$B$5*MIN(N29*100/Formula!$B$7,100),2)/100 -> 0.3513
A30: 1029 | B30: Ceiling fan not working in Room 302 | C30: Two ceiling fans in Room 302 do not rotate, class is very hot in the afternoon. | D30: Electrical | E30: CSE | F30: cse29 | G30: =INDEX(Students!$B$2:$B$101,MATCH(F30,Students!$A$2:$A$101,0)) -> Akash Salvi | H30: 3 | I30: 2 | J30: NO | K30: In Progress | L30: Maintenance Team | M30: Work has started on this issue. | N30: 14 | O30: cse29;cse2;cse28;cse31;cse45;cse4;cse43;cse40;cse3;cse32;cse10;cse42;cse26;cse8;cse23;cse38;cse17;cse36;cse16;cse14;cse34;cse21;cse7;cse9;cse49;cse15;cse22;cse1;cse46;cse50;cse35;cse33;cse12;cse6;cse13;cse25 | P30: =IF(O30="",0,LEN(O30)-LEN(SUBSTITUTE(O30,";",""))+1) -> 36 | Q30: =INDEX(Sections!$B$2:$B$4,MATCH(E30,Sections!$A$2:$A$4,0)) -> 50 | R30: =P30/Q30 -> 0.72 | S30: =ROUND(Formula!$B$2*I30*20+Formula!$B$3*R30*100+Formula!$B$4*H30*20+Formula!$B$5*MIN(N30*100/Formula!$B$7,100),2)/100 -> 0.5587
A31: 1030 | B31: Software not installed in CSE Lab 2 | C31: Required IDE and Python packages are missing on many systems in CSE Lab 2. | D31: IT / Network | E31: CSE | F31: cse30 | G31: =INDEX(Students!$B$2:$B$101,MATCH(F31,Students!$A$2:$A$101,0)) -> Nikita Raut | H31: 3 | I31: 2 | J31: NO | K31: Under Review | M31: Complaint is being reviewed by the admin. | N31: 4 | O31: cse30;cse43;cse9;cse13;cse46;cse40;cse20;cse12;cse45;cse28;cse19 | P31: =IF(O31="",0,LEN(O31)-LEN(SUBSTITUTE(O31,";",""))+1) -> 11 | Q31: =INDEX(Sections!$B$2:$B$4,MATCH(E31,Sections!$A$2:$A$4,0)) -> 50 | R31: =P31/Q31 -> 0.22 | S31: =ROUND(Formula!$B$2*I31*20+Formula!$B$3*R31*100+Formula!$B$4*H31*20+Formula!$B$5*MIN(N31*100/Formula!$B$7,100),2)/100 -> 0.3503
A32: 1031 | B32: Timetable clash for practical batches | C32: Two practical batches have been given the same slot in Computer Lab 3. | D32: Academic | E32: CSE | F32: cse31 | G32: =INDEX(Students!$B$2:$B$101,MATCH(F32,Students!$A$2:$A$101,0)) -> Gauri Shinde | H32: 4 | I32: 3 | J32: NO | K32: Closed | L32: Department Office | M32: Fix confirmed by the reporter. | N32: 18 | O32: cse31;cse28;cse37;cse50;cse13;cse6;cse26;cse25;cse24;cse14;cse40;cse36;cse38;cse33;cse17;cse21;cse16;cse22;cse46;cse48;cse7;cse43;cse9;cse39;cse3;cse15;cse27 | P32: =IF(O32="",0,LEN(O32)-LEN(SUBSTITUTE(O32,";",""))+1) -> 27 | Q32: =INDEX(Sections!$B$2:$B$4,MATCH(E32,Sections!$A$2:$A$4,0)) -> 50 | R32: =P32/Q32 -> 0.54 | S32: =ROUND(Formula!$B$2*I32*20+Formula!$B$3*R32*100+Formula!$B$4*H32*20+Formula!$B$5*MIN(N32*100/Formula!$B$7,100),2)/100 -> 0.619
A33: 1032 | B33: Lab computers very slow in CSE Lab 1 | C33: Computers in CSE Lab 1 take around 10 minutes to start and hang while coding. | D33: IT / Network | E33: CSE | F33: cse32 | G33: =INDEX(Students!$B$2:$B$101,MATCH(F33,Students!$A$2:$A$101,0)) -> Payal Menon | H33: 3 | I33: 3 | J33: NO | K33: Submitted | N33: 2 | O33: cse32;cse15;cse20;cse41;cse27;cse30;cse46;cse3;cse18;cse19;cse6;cse44;cse43;cse45;cse22;cse5;cse25;cse34;cse28;cse24;cse11;cse14;cse40 | P33: =IF(O33="",0,LEN(O33)-LEN(SUBSTITUTE(O33,";",""))+1) -> 23 | Q33: =INDEX(Sections!$B$2:$B$4,MATCH(E33,Sections!$A$2:$A$4,0)) -> 50 | R33: =P33/Q33 -> 0.46 | S33: =ROUND(Formula!$B$2*I33*20+Formula!$B$3*R33*100+Formula!$B$4*H33*20+Formula!$B$5*MIN(N33*100/Formula!$B$7,100),2)/100 -> 0.4977
A34: 1033 | B34: Canteen hygiene problem | C34: Tables and utensils in the canteen are not cleaned properly during lunch. | D34: Facilities | E34: CSE | F34: cse33 | G34: =INDEX(Students!$B$2:$B$101,MATCH(F34,Students!$A$2:$A$101,0)) -> Swati Rao | H34: 3 | I34: 3 | J34: NO | K34: Waiting | L34: Civil Department | M34: Waiting for spare parts / approval. | N34: 7 | O34: cse33;cse45 | P34: =IF(O34="",0,LEN(O34)-LEN(SUBSTITUTE(O34,";",""))+1) -> 2 | Q34: =INDEX(Sections!$B$2:$B$4,MATCH(E34,Sections!$A$2:$A$4,0)) -> 50 | R34: =P34/Q34 -> 0.04 | S34: =ROUND(Formula!$B$2*I34*20+Formula!$B$3*R34*100+Formula!$B$4*H34*20+Formula!$B$5*MIN(N34*100/Formula!$B$7,100),2)/100 -> 0.3673
A35: 1034 | B35: Parking area has no lighting | C35: Two-wheeler parking is dark in the evening and feels unsafe after practical sessions. | D35: Facilities | E35: CSE | F35: cse34 | G35: =INDEX(Students!$B$2:$B$101,MATCH(F35,Students!$A$2:$A$101,0)) -> Tanvi Bhat | H35: 3 | I35: 3 | J35: NO | K35: Submitted | N35: 3 | O35: cse34;cse47;cse4;cse35;cse9 | P35: =IF(O35="",0,LEN(O35)-LEN(SUBSTITUTE(O35,";",""))+1) -> 5 | Q35: =INDEX(Sections!$B$2:$B$4,MATCH(E35,Sections!$A$2:$A$4,0)) -> 50 | R35: =P35/Q35 -> 0.1 | S35: =ROUND(Formula!$B$2*I35*20+Formula!$B$3*R35*100+Formula!$B$4*H35*20+Formula!$B$5*MIN(N35*100/Formula!$B$7,100),2)/100 -> 0.375
A36: 1035 | B36: Lab systems shut down suddenly in CSE Lab 1 | C36: Systems in CSE Lab 1 restart on their own and unsaved programs are lost. | D36: IT / Network | E36: CSE | F36: cse35 | G36: =INDEX(Students!$B$2:$B$101,MATCH(F36,Students!$A$2:$A$101,0)) -> Neel Sawant | H36: 4 | I36: 3 | J36: NO | K36: Under Review | M36: Complaint is being reviewed by the admin. | N36: 7 | O36: cse35;cse21;cse38;cse15 | P36: =IF(O36="",0,LEN(O36)-LEN(SUBSTITUTE(O36,";",""))+1) -> 4 | Q36: =INDEX(Sections!$B$2:$B$4,MATCH(E36,Sections!$A$2:$A$4,0)) -> 50 | R36: =P36/Q36 -> 0.08 | S36: =ROUND(Formula!$B$2*I36*20+Formula!$B$3*R36*100+Formula!$B$4*H36*20+Formula!$B$5*MIN(N36*100/Formula!$B$7,100),2)/100 -> 0.4213
A37: 1036 | B37: Projector not working in Room 401 | C37: Projector in Room 401 switches off after a few minutes, lectures get interrupted. | D37: Electrical | E37: CSE | F37: cse36 | G37: =INDEX(Students!$B$2:$B$101,MATCH(F37,Students!$A$2:$A$101,0)) -> Rashmi Mishra | H37: 4 | I37: 3 | J37: NO | K37: Resolved | L37: Maintenance Team | M37: Issue has been fixed. Waiting for the reporter to confirm. | N37: 10 | O37: cse36;cse45;cse18;cse1 | P37: =IF(O37="",0,LEN(O37)-LEN(SUBSTITUTE(O37,";",""))+1) -> 4 | Q37: =INDEX(Sections!$B$2:$B$4,MATCH(E37,Sections!$A$2:$A$4,0)) -> 50 | R37: =P37/Q37 -> 0.08 | S37: =ROUND(Formula!$B$2*I37*20+Formula!$B$3*R37*100+Formula!$B$4*H37*20+Formula!$B$5*MIN(N37*100/Formula!$B$7,100),2)/100 -> 0.4313
A38: 1037 | B38: Projector screen torn in Room 204 | C38: Projector screen in Room 204 is torn and the slides are not clearly visible. | D38: Academic | E38: CSE | F38: cse37 | G38: =INDEX(Students!$B$2:$B$101,MATCH(F38,Students!$A$2:$A$101,0)) -> Trupti Bhat | H38: 2 | I38: 2 | J38: NO | K38: Resolved | L38: Department Office | M38: Issue has been fixed. Waiting for the reporter to confirm. | N38: 10 | O38: cse37;cse11;cse38;cse18;cse31;cse48;cse30;cse34;cse5 | P38: =IF(O38="",0,LEN(O38)-LEN(SUBSTITUTE(O38,";",""))+1) -> 9 | Q38: =INDEX(Sections!$B$2:$B$4,MATCH(E38,Sections!$A$2:$A$4,0)) -> 50 | R38: =P38/Q38 -> 0.18 | S38: =ROUND(Formula!$B$2*I38*20+Formula!$B$3*R38*100+Formula!$B$4*H38*20+Formula!$B$5*MIN(N38*100/Formula!$B$7,100),2)/100 -> 0.3163
A39: 1038 | B39: Water leakage in washroom near Room 101 | C39: Water leaks from the pipe all day and the floor stays wet and slippery. | D39: Facilities | E39: CSE | F39: cse38 | G39: =INDEX(Students!$B$2:$B$101,MATCH(F39,Students!$A$2:$A$101,0)) -> Aditya Wagh | H39: 5 | I39: 4 | J39: NO | K39: Resolved | L39: Civil Department | M39: Issue has been fixed. Waiting for the reporter to confirm. | N39: 10 | O39: cse38;cse9;cse18;cse49;cse26;cse1;cse12;cse47;cse6;cse41;cse24 | P39: =IF(O39="",0,LEN(O39)-LEN(SUBSTITUTE(O39,";",""))+1) -> 11 | Q39: =INDEX(Sections!$B$2:$B$4,MATCH(E39,Sections!$A$2:$A$4,0)) -> 50 | R39: =P39/Q39 -> 0.22 | S39: =ROUND(Formula!$B$2*I39*20+Formula!$B$3*R39*100+Formula!$B$4*H39*20+Formula!$B$5*MIN(N39*100/Formula!$B$7,100),2)/100 -> 0.5903
A40: 1039 | B40: Drinking water cooler not working | C40: No drinking water available on the first floor, cooler is switched off. | D40: Facilities | E40: CSE | F40: cse39 | G40: =INDEX(Students!$B$2:$B$101,MATCH(F40,Students!$A$2:$A$101,0)) -> Saurabh Surve | H40: 4 | I40: 3 | J40: NO | K40: Rejected | M40: Not a valid complaint after checking. | N40: 20 | O40: cse39;cse1;cse49 | P40: =IF(O40="",0,LEN(O40)-LEN(SUBSTITUTE(O40,";",""))+1) -> 3 | Q40: =INDEX(Sections!$B$2:$B$4,MATCH(E40,Sections!$A$2:$A$4,0)) -> 50 | R40: =P40/Q40 -> 0.06 | S40: =ROUND(Formula!$B$2*I40*20+Formula!$B$3*R40*100+Formula!$B$4*H40*20+Formula!$B$5*MIN(N40*100/Formula!$B$7,100),2)/100 -> 0.4577
A41: 1040 | B41: Fire extinguisher expired near CSE Lab 1 | C41: Fire extinguisher near CSE Lab 1 shows an expired date, refilling is needed. | D41: Safety | E41: CSE | F41: cse40 | G41: =INDEX(Students!$B$2:$B$101,MATCH(F41,Students!$A$2:$A$101,0)) -> Aryan Joshi | H41: 4 | I41: 5 | J41: NO | K41: Closed | L41: Maintenance Team | M41: Fix confirmed by the reporter. | N41: 9 | O41: cse40;cse5;cse4;cse2;cse47;cse3;cse42;cse21 | P41: =IF(O41="",0,LEN(O41)-LEN(SUBSTITUTE(O41,";",""))+1) -> 8 | Q41: =INDEX(Sections!$B$2:$B$4,MATCH(E41,Sections!$A$2:$A$4,0)) -> 50 | R41: =P41/Q41 -> 0.16 | S41: =ROUND(Formula!$B$2*I41*20+Formula!$B$3*R41*100+Formula!$B$4*H41*20+Formula!$B$5*MIN(N41*100/Formula!$B$7,100),2)/100 -> 0.596
A42: 1041 | B42: Washroom not cleaned on third floor | C42: Washroom on the third floor is not cleaned regularly and smells bad. | D42: Facilities | E42: CSE | F42: cse41 | G42: =INDEX(Students!$B$2:$B$101,MATCH(F42,Students!$A$2:$A$101,0)) -> Ketaki Tilak | H42: 4 | I42: 3 | J42: NO | K42: Resolved | L42: Civil Department | M42: Issue has been fixed. Waiting for the reporter to confirm. | N42: 14 | O42: cse41;cse2;cse50;cse32;cse4;cse49;cse38;cse7;cse29 | P42: =IF(O42="",0,LEN(O42)-LEN(SUBSTITUTE(O42,";",""))+1) -> 9 | Q42: =INDEX(Sections!$B$2:$B$4,MATCH(E42,Sections!$A$2:$A$4,0)) -> 50 | R42: =P42/Q42 -> 0.18 | S42: =ROUND(Formula!$B$2*I42*20+Formula!$B$3*R42*100+Formula!$B$4*H42*20+Formula!$B$5*MIN(N42*100/Formula!$B$7,100),2)/100 -> 0.4797
A43: 1042 | B43: Power sockets not working in CSE Lab 1 | C43: Most sockets near the benches in CSE Lab 1 give no power, laptops cannot be charged. | D43: Electrical | E43: CSE | F43: cse42 | G43: =INDEX(Students!$B$2:$B$101,MATCH(F43,Students!$A$2:$A$101,0)) -> Tejas Dalvi | H43: 3 | I43: 3 | J43: NO | K43: Under Review | M43: Complaint is being reviewed by the admin. | N43: 4 | O43: cse42;cse13;cse39;cse10;cse32;cse50;cse15;cse3;cse24;cse29;cse44 | P43: =IF(O43="",0,LEN(O43)-LEN(SUBSTITUTE(O43,";",""))+1) -> 11 | Q43: =INDEX(Sections!$B$2:$B$4,MATCH(E43,Sections!$A$2:$A$4,0)) -> 50 | R43: =P43/Q43 -> 0.22 | S43: =ROUND(Formula!$B$2*I43*20+Formula!$B$3*R43*100+Formula!$B$4*H43*20+Formula!$B$5*MIN(N43*100/Formula!$B$7,100),2)/100 -> 0.4203
A44: 1043 | B44: Emergency exit blocked on first floor | C44: Old furniture is kept in front of the emergency exit on the first floor. | D44: Safety | E44: CSE | F44: cse43 | G44: =INDEX(Students!$B$2:$B$101,MATCH(F44,Students!$A$2:$A$101,0)) -> Payal Mishra | H44: 5 | I44: 5 | J44: YES | K44: Assigned | L44: Maintenance Team | M44: Assigned to the concerned team. | N44: 23 | O44: cse43;cse20;cse34 | P44: =IF(O44="",0,LEN(O44)-LEN(SUBSTITUTE(O44,";",""))+1) -> 3 | Q44: =INDEX(Sections!$B$2:$B$4,MATCH(E44,Sections!$A$2:$A$4,0)) -> 50 | R44: =P44/Q44 -> 0.06 | S44: =ROUND(Formula!$B$2*I44*20+Formula!$B$3*R44*100+Formula!$B$4*H44*20+Formula!$B$5*MIN(N44*100/Formula!$B$7,100),2)/100 -> 0.6477
A45: 1044 | B45: Internet very slow in CSE Lab 2 | C45: Internet speed in CSE Lab 2 is too low to download libraries or datasets. | D45: IT / Network | E45: CSE | F45: cse44 | G45: =INDEX(Students!$B$2:$B$101,MATCH(F45,Students!$A$2:$A$101,0)) -> Shubham Mishra | H45: 4 | I45: 3 | J45: NO | K45: Submitted | N45: 1 | O45: cse44;cse31;cse29;cse46;cse34;cse48;cse7;cse27;cse26;cse5;cse45;cse20;cse42 | P45: =IF(O45="",0,LEN(O45)-LEN(SUBSTITUTE(O45,";",""))+1) -> 13 | Q45: =INDEX(Sections!$B$2:$B$4,MATCH(E45,Sections!$A$2:$A$4,0)) -> 50 | R45: =P45/Q45 -> 0.26 | S45: =ROUND(Formula!$B$2*I45*20+Formula!$B$3*R45*100+Formula!$B$4*H45*20+Formula!$B$5*MIN(N45*100/Formula!$B$7,100),2)/100 -> 0.4643
A46: 1045 | B46: Whiteboard markers not available in Room 204 | C46: No markers in Room 204, teachers have to ask students to bring them. | D46: Academic | E46: CSE | F46: cse45 | G46: =INDEX(Students!$B$2:$B$101,MATCH(F46,Students!$A$2:$A$101,0)) -> Tanmay Shinde | H46: 2 | I46: 3 | J46: NO | K46: Submitted | N46: 0 | O46: cse45;cse6;cse1;cse12 | P46: =IF(O46="",0,LEN(O46)-LEN(SUBSTITUTE(O46,";",""))+1) -> 4 | Q46: =INDEX(Sections!$B$2:$B$4,MATCH(E46,Sections!$A$2:$A$4,0)) -> 50 | R46: =P46/Q46 -> 0.08 | S46: =ROUND(Formula!$B$2*I46*20+Formula!$B$3*R46*100+Formula!$B$4*H46*20+Formula!$B$5*MIN(N46*100/Formula!$B$7,100),2)/100 -> 0.318
A47: 1046 | B47: Projector not working in Room 105 | C47: Projector in Room 105 switches off after a few minutes, lectures get interrupted. | D47: Electrical | E47: CSE | F47: cse46 | G47: =INDEX(Students!$B$2:$B$101,MATCH(F47,Students!$A$2:$A$101,0)) -> Prachi Rane | H47: 4 | I47: 3 | J47: NO | K47: Submitted | N47: 4 | O47: cse46 | P47: =IF(O47="",0,LEN(O47)-LEN(SUBSTITUTE(O47,";",""))+1) -> 1 | Q47: =INDEX(Sections!$B$2:$B$4,MATCH(E47,Sections!$A$2:$A$4,0)) -> 50 | R47: =P47/Q47 -> 0.02 | S47: =ROUND(Formula!$B$2*I47*20+Formula!$B$3*R47*100+Formula!$B$4*H47*20+Formula!$B$5*MIN(N47*100/Formula!$B$7,100),2)/100 -> 0.3903
A48: 1047 | B48: Frequent power cuts in Room 305 | C48: Power goes off many times a day in Room 305 and there is no backup for the lights. | D48: Electrical | E48: CSE | F48: cse47 | G48: =INDEX(Students!$B$2:$B$101,MATCH(F48,Students!$A$2:$A$101,0)) -> Madhuri Dalvi | H48: 4 | I48: 3 | J48: NO | K48: Under Review | M48: Complaint is being reviewed by the admin. | N48: 4 | O48: cse47;cse3;cse4;cse20;cse1;cse41;cse14 | P48: =IF(O48="",0,LEN(O48)-LEN(SUBSTITUTE(O48,";",""))+1) -> 7 | Q48: =INDEX(Sections!$B$2:$B$4,MATCH(E48,Sections!$A$2:$A$4,0)) -> 50 | R48: =P48/Q48 -> 0.14 | S48: =ROUND(Formula!$B$2*I48*20+Formula!$B$3*R48*100+Formula!$B$4*H48*20+Formula!$B$5*MIN(N48*100/Formula!$B$7,100),2)/100 -> 0.4323
A49: 1048 | B49: AC not cooling in CSE Lab 2 | C49: AC in CSE Lab 2 makes noise but gives no cooling, systems heat up. | D49: Electrical | E49: CSE | F49: cse48 | G49: =INDEX(Students!$B$2:$B$101,MATCH(F49,Students!$A$2:$A$101,0)) -> Tanishka Shah | H49: 3 | I49: 3 | J49: NO | K49: Submitted | N49: 3 | O49: cse48 | P49: =IF(O49="",0,LEN(O49)-LEN(SUBSTITUTE(O49,";",""))+1) -> 1 | Q49: =INDEX(Sections!$B$2:$B$4,MATCH(E49,Sections!$A$2:$A$4,0)) -> 50 | R49: =P49/Q49 -> 0.02 | S49: =ROUND(Formula!$B$2*I49*20+Formula!$B$3*R49*100+Formula!$B$4*H49*20+Formula!$B$5*MIN(N49*100/Formula!$B$7,100),2)/100 -> 0.347
A50: 1049 | B50: Internet very slow in CSE Lab 1 | C50: Internet speed in CSE Lab 1 is too low to download libraries or datasets. | D50: IT / Network | E50: CSE | F50: cse49 | G50: =INDEX(Students!$B$2:$B$101,MATCH(F50,Students!$A$2:$A$101,0)) -> Pallavi Salvi | H50: 4 | I50: 3 | J50: NO | K50: Assigned | L50: IT Department | M50: Assigned to the concerned team. | N50: 14 | O50: cse49;cse11;cse25;cse13;cse29;cse6;cse28;cse32;cse7;cse22;cse23;cse12;cse38;cse16;cse3;cse45;cse9;cse27;cse46 | P50: =IF(O50="",0,LEN(O50)-LEN(SUBSTITUTE(O50,";",""))+1) -> 19 | Q50: =INDEX(Sections!$B$2:$B$4,MATCH(E50,Sections!$A$2:$A$4,0)) -> 50 | R50: =P50/Q50 -> 0.38 | S50: =ROUND(Formula!$B$2*I50*20+Formula!$B$3*R50*100+Formula!$B$4*H50*20+Formula!$B$5*MIN(N50*100/Formula!$B$7,100),2)/100 -> 0.5497
A51: 1050 | B51: Wi-Fi keeps disconnecting in Room 105 | C51: Wi-Fi drops every few minutes in Room 105, online tests and downloads fail. | D51: IT / Network | E51: CSE | F51: cse50 | G51: =INDEX(Students!$B$2:$B$101,MATCH(F51,Students!$A$2:$A$101,0)) -> Priya Raut | H51: 5 | I51: 3 | J51: NO | K51: Assigned | L51: IT Department | M51: Assigned to the concerned team. | N51: 17 | O51: cse50;cse46 | P51: =IF(O51="",0,LEN(O51)-LEN(SUBSTITUTE(O51,";",""))+1) -> 2 | Q51: =INDEX(Sections!$B$2:$B$4,MATCH(E51,Sections!$A$2:$A$4,0)) -> 50 | R51: =P51/Q51 -> 0.04 | S51: =ROUND(Formula!$B$2*I51*20+Formula!$B$3*R51*100+Formula!$B$4*H51*20+Formula!$B$5*MIN(N51*100/Formula!$B$7,100),2)/100 -> 0.4807
A52: 1051 | B52: Projector not working in Room 105 | C52: Projector in Room 105 switches off after a few minutes, lectures get interrupted. | D52: Electrical | E52: AIDS | F52: aids1 | G52: =INDEX(Students!$B$2:$B$101,MATCH(F52,Students!$A$2:$A$101,0)) -> Apoorva Parab | H52: 4 | I52: 3 | J52: NO | K52: Assigned | L52: Maintenance Team | M52: Assigned to the concerned team. | N52: 9 | O52: aids1;aids12;aids15;aids34;aids6;aids14;aids36 | P52: =IF(O52="",0,LEN(O52)-LEN(SUBSTITUTE(O52,";",""))+1) -> 7 | Q52: =INDEX(Sections!$B$2:$B$4,MATCH(E52,Sections!$A$2:$A$4,0)) -> 40 | R52: =P52/Q52 -> 0.175 | S52: =ROUND(Formula!$B$2*I52*20+Formula!$B$3*R52*100+Formula!$B$4*H52*20+Formula!$B$5*MIN(N52*100/Formula!$B$7,100),2)/100 -> 0.4613
A53: 1052 | B53: Canteen hygiene problem | C53: Tables and utensils in the canteen are not cleaned properly during lunch. | D53: Facilities | E53: AIDS | F53: aids2 | G53: =INDEX(Students!$B$2:$B$101,MATCH(F53,Students!$A$2:$A$101,0)) -> Snehal Salvi | H53: 3 | I53: 3 | J53: NO | K53: Submitted | N53: 2 | O53: aids2;aids10;aids33;aids8;aids34;aids28;aids9;aids25;aids35;aids6;aids36;aids20;aids29;aids21;aids31;aids5;aids11;aids17;aids1;aids14;aids24;aids12;aids30 | P53: =IF(O53="",0,LEN(O53)-LEN(SUBSTITUTE(O53,";",""))+1) -> 23 | Q53: =INDEX(Sections!$B$2:$B$4,MATCH(E53,Sections!$A$2:$A$4,0)) -> 40 | R53: =P53/Q53 -> 0.575 | S53: =ROUND(Formula!$B$2*I53*20+Formula!$B$3*R53*100+Formula!$B$4*H53*20+Formula!$B$5*MIN(N53*100/Formula!$B$7,100),2)/100 -> 0.5379
A54: 1053 | B54: Scholarship form status not shown | C54: Scholarship form submitted at the office shows no status on the portal. | D54: Administrative | E54: AIDS | F54: aids3 | G54: =INDEX(Students!$B$2:$B$101,MATCH(F54,Students!$A$2:$A$101,0)) -> Divya Bhosale | H54: 4 | I54: 3 | J54: NO | K54: Submitted | N54: 0 | O54: aids3;aids22;aids5;aids29 | P54: =IF(O54="",0,LEN(O54)-LEN(SUBSTITUTE(O54,";",""))+1) -> 4 | Q54: =INDEX(Sections!$B$2:$B$4,MATCH(E54,Sections!$A$2:$A$4,0)) -> 40 | R54: =P54/Q54 -> 0.1 | S54: =ROUND(Formula!$B$2*I54*20+Formula!$B$3*R54*100+Formula!$B$4*H54*20+Formula!$B$5*MIN(N54*100/Formula!$B$7,100),2)/100 -> 0.405
A55: 1054 | B55: Ceiling fan not working in Room 204 | C55: Two ceiling fans in Room 204 do not rotate, class is very hot in the afternoon. | D55: Electrical | E55: AIDS | F55: aids4 | G55: =INDEX(Students!$B$2:$B$101,MATCH(F55,Students!$A$2:$A$101,0)) -> Jayesh Iyer | H55: 3 | I55: 2 | J55: NO | K55: Closed | L55: Maintenance Team | M55: Fix confirmed by the reporter. | N55: 10 | O55: aids4;aids16;aids23;aids8;aids27 | P55: =IF(O55="",0,LEN(O55)-LEN(SUBSTITUTE(O55,";",""))+1) -> 5 | Q55: =INDEX(Sections!$B$2:$B$4,MATCH(E55,Sections!$A$2:$A$4,0)) -> 40 | R55: =P55/Q55 -> 0.125 | S55: =ROUND(Formula!$B$2*I55*20+Formula!$B$3*R55*100+Formula!$B$4*H55*20+Formula!$B$5*MIN(N55*100/Formula!$B$7,100),2)/100 -> 0.3371
A56: 1055 | B56: Washroom not cleaned on second floor | C56: Washroom on the second floor is not cleaned regularly and smells bad. | D56: Facilities | E56: AIDS | F56: aids5 | G56: =INDEX(Students!$B$2:$B$101,MATCH(F56,Students!$A$2:$A$101,0)) -> Amit Kulkarni | H56: 4 | I56: 3 | J56: NO | K56: In Progress | L56: Civil Department | M56: Work has started on this issue. | N56: 15 | O56: aids5;aids35;aids11;aids22;aids39;aids31 | P56: =IF(O56="",0,LEN(O56)-LEN(SUBSTITUTE(O56,";",""))+1) -> 6 | Q56: =INDEX(Sections!$B$2:$B$4,MATCH(E56,Sections!$A$2:$A$4,0)) -> 40 | R56: =P56/Q56 -> 0.15 | S56: =ROUND(Formula!$B$2*I56*20+Formula!$B$3*R56*100+Formula!$B$4*H56*20+Formula!$B$5*MIN(N56*100/Formula!$B$7,100),2)/100 -> 0.4725
A57: 1056 | B57: Cannot login to college portal | C57: Student portal shows an error after entering the correct password. | D57: IT / Network | E57: AIDS | F57: aids6 | G57: =INDEX(Students!$B$2:$B$101,MATCH(F57,Students!$A$2:$A$101,0)) -> Ganesh Gokhale | H57: 4 | I57: 3 | J57: NO | K57: Submitted | N57: 2 | O57: aids6;aids37;aids7;aids10;aids19;aids9;aids31;aids12;aids26;aids38;aids36;aids28;aids25;aids15;aids14;aids5;aids18;aids39 | P57: =IF(O57="",0,LEN(O57)-LEN(SUBSTITUTE(O57,";",""))+1) -> 18 | Q57: =INDEX(Sections!$B$2:$B$4,MATCH(E57,Sections!$A$2:$A$4,0)) -> 40 | R57: =P57/Q57 -> 0.45 | S57: =ROUND(Formula!$B$2*I57*20+Formula!$B$3*R57*100+Formula!$B$4*H57*20+Formula!$B$5*MIN(N57*100/Formula!$B$7,100),2)/100 -> 0.5342
A58: 1057 | B58: Projector not working in Room 305 | C58: Projector in Room 305 switches off after a few minutes, lectures get interrupted. | D58: Electrical | E58: AIDS | F58: aids7 | G58: =INDEX(Students!$B$2:$B$101,MATCH(F58,Students!$A$2:$A$101,0)) -> Swati Pandey | H58: 4 | I58: 3 | J58: NO | K58: Waiting | L58: Maintenance Team | M58: Waiting for spare parts / approval. | N58: 23 | O58: aids7;aids13;aids1;aids35;aids10;aids21;aids11 | P58: =IF(O58="",0,LEN(O58)-LEN(SUBSTITUTE(O58,";",""))+1) -> 7 | Q58: =INDEX(Sections!$B$2:$B$4,MATCH(E58,Sections!$A$2:$A$4,0)) -> 40 | R58: =P58/Q58 -> 0.175 | S58: =ROUND(Formula!$B$2*I58*20+Formula!$B$3*R58*100+Formula!$B$4*H58*20+Formula!$B$5*MIN(N58*100/Formula!$B$7,100),2)/100 -> 0.5079
A59: 1058 | B59: Water leakage in washroom near Room 401 | C59: Water leaks from the pipe all day and the floor stays wet and slippery. | D59: Facilities | E59: AIDS | F59: aids8 | G59: =INDEX(Students!$B$2:$B$101,MATCH(F59,Students!$A$2:$A$101,0)) -> Ketaki Rao | H59: 5 | I59: 4 | J59: NO | K59: Reopened | L59: Civil Department | M59: Reporter says the problem is not fixed. | N59: 6 | O59: aids8;aids2;aids20;aids10;aids27;aids12;aids35 | P59: =IF(O59="",0,LEN(O59)-LEN(SUBSTITUTE(O59,";",""))+1) -> 7 | Q59: =INDEX(Sections!$B$2:$B$4,MATCH(E59,Sections!$A$2:$A$4,0)) -> 40 | R59: =P59/Q59 -> 0.175 | S59: =ROUND(Formula!$B$2*I59*20+Formula!$B$3*R59*100+Formula!$B$4*H59*20+Formula!$B$5*MIN(N59*100/Formula!$B$7,100),2)/100 -> 0.5613
A60: 1059 | B60: Broken window glass in Room 305 | C60: Window glass in Room 305 is cracked and rain water comes inside. | D60: Facilities | E60: AIDS | F60: aids9 | G60: =INDEX(Students!$B$2:$B$101,MATCH(F60,Students!$A$2:$A$101,0)) -> Isha Bhosale | H60: 3 | I60: 3 | J60: NO | K60: Submitted | N60: 2 | O60: aids9;aids31;aids2 | P60: =IF(O60="",0,LEN(O60)-LEN(SUBSTITUTE(O60,";",""))+1) -> 3 | Q60: =INDEX(Sections!$B$2:$B$4,MATCH(E60,Sections!$A$2:$A$4,0)) -> 40 | R60: =P60/Q60 -> 0.075 | S60: =ROUND(Formula!$B$2*I60*20+Formula!$B$3*R60*100+Formula!$B$4*H60*20+Formula!$B$5*MIN(N60*100/Formula!$B$7,100),2)/100 -> 0.3629
A61: 1060 | B61: Ceiling fan not working in Room 101 | C61: Two ceiling fans in Room 101 do not rotate, class is very hot in the afternoon. | D61: Electrical | E61: AIDS | F61: aids10 | G61: =INDEX(Students!$B$2:$B$101,MATCH(F61,Students!$A$2:$A$101,0)) -> Neel Parab | H61: 3 | I61: 3 | J61: NO | K61: Submitted | N61: 4 | O61: aids10;aids40;aids25;aids3;aids26;aids4;aids8;aids30;aids1;aids11;aids36;aids12;aids31;aids16;aids19;aids2;aids29;aids35;aids24;aids22;aids5;aids34;aids6;aids14;aids13;aids28;aids17;aids7 | P61: =IF(O61="",0,LEN(O61)-LEN(SUBSTITUTE(O61,";",""))+1) -> 28 | Q61: =INDEX(Sections!$B$2:$B$4,MATCH(E61,Sections!$A$2:$A$4,0)) -> 40 | R61: =P61/Q61 -> 0.7 | S61: =ROUND(Formula!$B$2*I61*20+Formula!$B$3*R61*100+Formula!$B$4*H61*20+Formula!$B$5*MIN(N61*100/Formula!$B$7,100),2)/100 -> 0.5883
A62: 1061 | B62: Projector screen torn in Room 302 | C62: Projector screen in Room 302 is torn and the slides are not clearly visible. | D62: Academic | E62: AIDS | F62: aids11 | G62: =INDEX(Students!$B$2:$B$101,MATCH(F62,Students!$A$2:$A$101,0)) -> Vaishnavi Pandey | H62: 2 | I62: 2 | J62: NO | K62: Closed | L62: Department Office | M62: Fix confirmed by the reporter. | N62: 8 | O62: aids11;aids14;aids32;aids35;aids9;aids31;aids27;aids3 | P62: =IF(O62="",0,LEN(O62)-LEN(SUBSTITUTE(O62,";",""))+1) -> 8 | Q62: =INDEX(Sections!$B$2:$B$4,MATCH(E62,Sections!$A$2:$A$4,0)) -> 40 | R62: =P62/Q62 -> 0.2 | S62: =ROUND(Formula!$B$2*I62*20+Formula!$B$3*R62*100+Formula!$B$4*H62*20+Formula!$B$5*MIN(N62*100/Formula!$B$7,100),2)/100 -> 0.3167
A63: 1062 | B63: Whiteboard markers not available in Room 101 | C63: No markers in Room 101, teachers have to ask students to bring them. | D63: Academic | E63: AIDS | F63: aids12 | G63: =INDEX(Students!$B$2:$B$101,MATCH(F63,Students!$A$2:$A$101,0)) -> Trupti Surve | H63: 2 | I63: 1 | J63: NO | K63: Assigned | L63: Department Office | M63: Assigned to the concerned team. | N63: 21 | O63: aids12;aids9;aids7;aids27;aids39;aids13;aids37;aids14;aids24;aids34;aids2;aids16;aids31;aids1;aids6;aids5;aids35;aids19;aids32;aids20;aids23;aids11;aids25;aids40;aids8 | P63: =IF(O63="",0,LEN(O63)-LEN(SUBSTITUTE(O63,";",""))+1) -> 25 | Q63: =INDEX(Sections!$B$2:$B$4,MATCH(E63,Sections!$A$2:$A$4,0)) -> 40 | R63: =P63/Q63 -> 0.625 | S63: =ROUND(Formula!$B$2*I63*20+Formula!$B$3*R63*100+Formula!$B$4*H63*20+Formula!$B$5*MIN(N63*100/Formula!$B$7,100),2)/100 -> 0.4388
A64: 1063 | B64: Lab equipment shortage in Computer Lab 2 | C64: There are not enough working kits in Computer Lab 2, 4 students share one system. | D64: Academic | E64: AIDS | F64: aids13 | G64: =INDEX(Students!$B$2:$B$101,MATCH(F64,Students!$A$2:$A$101,0)) -> Gauri Mhatre | H64: 3 | I64: 3 | J64: NO | K64: Resolved | L64: Department Office | M64: Issue has been fixed. Waiting for the reporter to confirm. | N64: 7 | O64: aids13;aids20 | P64: =IF(O64="",0,LEN(O64)-LEN(SUBSTITUTE(O64,";",""))+1) -> 2 | Q64: =INDEX(Sections!$B$2:$B$4,MATCH(E64,Sections!$A$2:$A$4,0)) -> 40 | R64: =P64/Q64 -> 0.05 | S64: =ROUND(Formula!$B$2*I64*20+Formula!$B$3*R64*100+Formula!$B$4*H64*20+Formula!$B$5*MIN(N64*100/Formula!$B$7,100),2)/100 -> 0.3708
A65: 1064 | B65: Emergency exit blocked on third floor | C65: Old furniture is kept in front of the emergency exit on the third floor. | D65: Safety | E65: AIDS | F65: aids14 | G65: =INDEX(Students!$B$2:$B$101,MATCH(F65,Students!$A$2:$A$101,0)) -> Pallavi Tilak | H65: 5 | I65: 5 | J65: NO | K65: Closed | L65: Maintenance Team | M65: Fix confirmed by the reporter. | N65: 14 | O65: aids14;aids22;aids40;aids3;aids5;aids13;aids25;aids8;aids4 | P65: =IF(O65="",0,LEN(O65)-LEN(SUBSTITUTE(O65,";",""))+1) -> 9 | Q65: =INDEX(Sections!$B$2:$B$4,MATCH(E65,Sections!$A$2:$A$4,0)) -> 40 | R65: =P65/Q65 -> 0.225 | S65: =ROUND(Formula!$B$2*I65*20+Formula!$B$3*R65*100+Formula!$B$4*H65*20+Formula!$B$5*MIN(N65*100/Formula!$B$7,100),2)/100 -> 0.6754
A66: 1065 | B66: Loose switch board in Room 401 | C66: Switch board in Room 401 is loose and sparks when the plug is inserted. | D66: Safety | E66: AIDS | F66: aids15 | G66: =INDEX(Students!$B$2:$B$101,MATCH(F66,Students!$A$2:$A$101,0)) -> Sahil Nair | H66: 5 | I66: 5 | J66: NO | K66: Rejected | M66: Not a valid complaint after checking. | N66: 14 | O66: aids15;aids4;aids29 | P66: =IF(O66="",0,LEN(O66)-LEN(SUBSTITUTE(O66,";",""))+1) -> 3 | Q66: =INDEX(Sections!$B$2:$B$4,MATCH(E66,Sections!$A$2:$A$4,0)) -> 40 | R66: =P66/Q66 -> 0.075 | S66: =ROUND(Formula!$B$2*I66*20+Formula!$B$3*R66*100+Formula!$B$4*H66*20+Formula!$B$5*MIN(N66*100/Formula!$B$7,100),2)/100 -> 0.6229
A67: 1066 | B67: Wi-Fi keeps disconnecting in Room 305 | C67: Wi-Fi drops every few minutes in Room 305, online tests and downloads fail. | D67: IT / Network | E67: AIDS | F67: aids16 | G67: =INDEX(Students!$B$2:$B$101,MATCH(F67,Students!$A$2:$A$101,0)) -> Sneha Pandey | H67: 5 | I67: 3 | J67: NO | K67: Submitted | N67: 3 | O67: aids16;aids33;aids5 | P67: =IF(O67="",0,LEN(O67)-LEN(SUBSTITUTE(O67,";",""))+1) -> 3 | Q67: =INDEX(Sections!$B$2:$B$4,MATCH(E67,Sections!$A$2:$A$4,0)) -> 40 | R67: =P67/Q67 -> 0.075 | S67: =ROUND(Formula!$B$2*I67*20+Formula!$B$3*R67*100+Formula!$B$4*H67*20+Formula!$B$5*MIN(N67*100/Formula!$B$7,100),2)/100 -> 0.4463
A68: 1067 | B68: Washroom not cleaned on first floor | C68: Washroom on the first floor is not cleaned regularly and smells bad. | D68: Facilities | E68: AIDS | F68: aids17 | G68: =INDEX(Students!$B$2:$B$101,MATCH(F68,Students!$A$2:$A$101,0)) -> Trupti Shah | H68: 4 | I68: 3 | J68: NO | K68: Submitted | N68: 4 | O68: aids17;aids32;aids5;aids8;aids11;aids19;aids15;aids16 | P68: =IF(O68="",0,LEN(O68)-LEN(SUBSTITUTE(O68,";",""))+1) -> 8 | Q68: =INDEX(Sections!$B$2:$B$4,MATCH(E68,Sections!$A$2:$A$4,0)) -> 40 | R68: =P68/Q68 -> 0.2 | S68: =ROUND(Formula!$B$2*I68*20+Formula!$B$3*R68*100+Formula!$B$4*H68*20+Formula!$B$5*MIN(N68*100/Formula!$B$7,100),2)/100 -> 0.4533
A69: 1068 | B69: Software not installed in Data Science Lab | C69: Required IDE and Python packages are missing on many systems in Data Science Lab. | D69: IT / Network | E69: AIDS | F69: aids18 | G69: =INDEX(Students!$B$2:$B$101,MATCH(F69,Students!$A$2:$A$101,0)) -> Shreya Chavan | H69: 3 | I69: 3 | J69: NO | K69: Submitted | N69: 4 | O69: aids18;aids5;aids28;aids23;aids37;aids25;aids3 | P69: =IF(O69="",0,LEN(O69)-LEN(SUBSTITUTE(O69,";",""))+1) -> 7 | Q69: =INDEX(Sections!$B$2:$B$4,MATCH(E69,Sections!$A$2:$A$4,0)) -> 40 | R69: =P69/Q69 -> 0.175 | S69: =ROUND(Formula!$B$2*I69*20+Formula!$B$3*R69*100+Formula!$B$4*H69*20+Formula!$B$5*MIN(N69*100/Formula!$B$7,100),2)/100 -> 0.4046
A70: 1069 | B70: Drinking water cooler not working | C70: No drinking water available on the third floor, cooler is switched off. | D70: Facilities | E70: AIDS | F70: aids19 | G70: =INDEX(Students!$B$2:$B$101,MATCH(F70,Students!$A$2:$A$101,0)) -> Payal Lad | H70: 4 | I70: 3 | J70: NO | K70: Submitted | N70: 1 | O70: aids19;aids37;aids28;aids36;aids2;aids7;aids22 | P70: =IF(O70="",0,LEN(O70)-LEN(SUBSTITUTE(O70,";",""))+1) -> 7 | Q70: =INDEX(Sections!$B$2:$B$4,MATCH(E70,Sections!$A$2:$A$4,0)) -> 40 | R70: =P70/Q70 -> 0.175 | S70: =ROUND(Formula!$B$2*I70*20+Formula!$B$3*R70*100+Formula!$B$4*H70*20+Formula!$B$5*MIN(N70*100/Formula!$B$7,100),2)/100 -> 0.4346
A71: 1070 | B71: Parking area has no lighting | C71: Two-wheeler parking is dark in the evening and feels unsafe after practical sessions. | D71: Facilities | E71: AIDS | F71: aids20 | G71: =INDEX(Students!$B$2:$B$101,MATCH(F71,Students!$A$2:$A$101,0)) -> Snehal Deshmukh | H71: 3 | I71: 3 | J71: NO | K71: Assigned | L71: Civil Department | M71: Assigned to the concerned team. | N71: 4 | O71: aids20;aids7;aids26;aids5 | P71: =IF(O71="",0,LEN(O71)-LEN(SUBSTITUTE(O71,";",""))+1) -> 4 | Q71: =INDEX(Sections!$B$2:$B$4,MATCH(E71,Sections!$A$2:$A$4,0)) -> 40 | R71: =P71/Q71 -> 0.1 | S71: =ROUND(Formula!$B$2*I71*20+Formula!$B$3*R71*100+Formula!$B$4*H71*20+Formula!$B$5*MIN(N71*100/Formula!$B$7,100),2)/100 -> 0.3783
A72: 1071 | B72: Wi-Fi keeps disconnecting in Room 204 | C72: Wi-Fi drops every few minutes in Room 204, online tests and downloads fail. | D72: IT / Network | E72: AIDS | F72: aids21 | G72: =INDEX(Students!$B$2:$B$101,MATCH(F72,Students!$A$2:$A$101,0)) -> Ishaan Rao | H72: 5 | I72: 3 | J72: NO | K72: In Progress | L72: IT Department | M72: Work has started on this issue. | N72: 12 | O72: aids21 | P72: =IF(O72="",0,LEN(O72)-LEN(SUBSTITUTE(O72,";",""))+1) -> 1 | Q72: =INDEX(Sections!$B$2:$B$4,MATCH(E72,Sections!$A$2:$A$4,0)) -> 40 | R72: =P72/Q72 -> 0.025 | S72: =ROUND(Formula!$B$2*I72*20+Formula!$B$3*R72*100+Formula!$B$4*H72*20+Formula!$B$5*MIN(N72*100/Formula!$B$7,100),2)/100 -> 0.4588
A73: 1072 | B73: Ceiling fan not working in Room 105 | C73: Two ceiling fans in Room 105 do not rotate, class is very hot in the afternoon. | D73: Electrical | E73: AIDS | F73: aids22 | G73: =INDEX(Students!$B$2:$B$101,MATCH(F73,Students!$A$2:$A$101,0)) -> Shruti Pawar | H73: 3 | I73: 3 | J73: NO | K73: Submitted | N73: 3 | O73: aids22;aids2;aids10;aids12;aids24;aids1;aids11;aids7;aids37;aids28;aids6;aids36;aids38;aids33;aids4;aids3;aids9;aids18;aids5;aids20;aids25;aids27;aids17;aids34;aids39;aids40;aids16;aids30;aids21;aids26 | P73: =IF(O73="",0,LEN(O73)-LEN(SUBSTITUTE(O73,";",""))+1) -> 30 | Q73: =INDEX(Sections!$B$2:$B$4,MATCH(E73,Sections!$A$2:$A$4,0)) -> 40 | R73: =P73/Q73 -> 0.75 | S73: =ROUND(Formula!$B$2*I73*20+Formula!$B$3*R73*100+Formula!$B$4*H73*20+Formula!$B$5*MIN(N73*100/Formula!$B$7,100),2)/100 -> 0.6025
A74: 1073 | B74: Lab systems shut down suddenly in Computer Lab 2 | C74: Systems in Computer Lab 2 restart on their own and unsaved programs are lost. | D74: IT / Network | E74: AIDS | F74: aids23 | G74: =INDEX(Students!$B$2:$B$101,MATCH(F74,Students!$A$2:$A$101,0)) -> Dhruv Mane | H74: 4 | I74: 3 | J74: NO | K74: Submitted | N74: 1 | O74: aids23;aids34;aids27;aids5;aids15;aids25;aids9;aids8;aids35 | P74: =IF(O74="",0,LEN(O74)-LEN(SUBSTITUTE(O74,";",""))+1) -> 9 | Q74: =INDEX(Sections!$B$2:$B$4,MATCH(E74,Sections!$A$2:$A$4,0)) -> 40 | R74: =P74/Q74 -> 0.225 | S74: =ROUND(Formula!$B$2*I74*20+Formula!$B$3*R74*100+Formula!$B$4*H74*20+Formula!$B$5*MIN(N74*100/Formula!$B$7,100),2)/100 -> 0.4521
A75: 1074 | B75: Bonafide certificate delayed | C75: Bonafide certificate applied two weeks ago has not been issued yet. | D75: Administrative | E75: AIDS | F75: aids24 | G75: =INDEX(Students!$B$2:$B$101,MATCH(F75,Students!$A$2:$A$101,0)) -> Komal Gaikwad | H75: 3 | I75: 2 | J75: NO | K75: In Progress | L75: Admin Office | M75: Work has started on this issue. | N75: 10 | O75: aids24;aids14;aids35 | P75: =IF(O75="",0,LEN(O75)-LEN(SUBSTITUTE(O75,";",""))+1) -> 3 | Q75: =INDEX(Sections!$B$2:$B$4,MATCH(E75,Sections!$A$2:$A$4,0)) -> 40 | R75: =P75/Q75 -> 0.075 | S75: =ROUND(Formula!$B$2*I75*20+Formula!$B$3*R75*100+Formula!$B$4*H75*20+Formula!$B$5*MIN(N75*100/Formula!$B$7,100),2)/100 -> 0.3196
A76: 1075 | B76: AC not cooling in AIDS Lab | C76: AC in AIDS Lab makes noise but gives no cooling, systems heat up. | D76: Electrical | E76: AIDS | F76: aids25 | G76: =INDEX(Students!$B$2:$B$101,MATCH(F76,Students!$A$2:$A$101,0)) -> Shreya Sharma | H76: 3 | I76: 3 | J76: NO | K76: Under Review | M76: Complaint is being reviewed by the admin. | N76: 2 | O76: aids25;aids26;aids14;aids33;aids36;aids31;aids38;aids27;aids3;aids10 | P76: =IF(O76="",0,LEN(O76)-LEN(SUBSTITUTE(O76,";",""))+1) -> 10 | Q76: =INDEX(Sections!$B$2:$B$4,MATCH(E76,Sections!$A$2:$A$4,0)) -> 40 | R76: =P76/Q76 -> 0.25 | S76: =ROUND(Formula!$B$2*I76*20+Formula!$B$3*R76*100+Formula!$B$4*H76*20+Formula!$B$5*MIN(N76*100/Formula!$B$7,100),2)/100 -> 0.4242
A77: 1076 | B77: Frequent power cuts in Room 305 | C77: Power goes off many times a day in Room 305 and there is no backup for the lights. | D77: Electrical | E77: AIDS | F77: aids26 | G77: =INDEX(Students!$B$2:$B$101,MATCH(F77,Students!$A$2:$A$101,0)) -> Akash Sharma | H77: 4 | I77: 3 | J77: NO | K77: Assigned | L77: Maintenance Team | M77: Assigned to the concerned team. | N77: 21 | O77: aids26;aids24;aids20;aids11;aids19;aids25;aids35;aids21 | P77: =IF(O77="",0,LEN(O77)-LEN(SUBSTITUTE(O77,";",""))+1) -> 8 | Q77: =INDEX(Sections!$B$2:$B$4,MATCH(E77,Sections!$A$2:$A$4,0)) -> 40 | R77: =P77/Q77 -> 0.2 | S77: =ROUND(Formula!$B$2*I77*20+Formula!$B$3*R77*100+Formula!$B$4*H77*20+Formula!$B$5*MIN(N77*100/Formula!$B$7,100),2)/100 -> 0.51
A78: 1077 | B78: Wi-Fi keeps disconnecting in Room 302 | C78: Wi-Fi drops every few minutes in Room 302, online tests and downloads fail. | D78: IT / Network | E78: AIDS | F78: aids27 | G78: =INDEX(Students!$B$2:$B$101,MATCH(F78,Students!$A$2:$A$101,0)) -> Shreya Ghate | H78: 5 | I78: 3 | J78: NO | K78: Submitted | N78: 3 | O78: aids27;aids10;aids17;aids9 | P78: =IF(O78="",0,LEN(O78)-LEN(SUBSTITUTE(O78,";",""))+1) -> 4 | Q78: =INDEX(Sections!$B$2:$B$4,MATCH(E78,Sections!$A$2:$A$4,0)) -> 40 | R78: =P78/Q78 -> 0.1 | S78: =ROUND(Formula!$B$2*I78*20+Formula!$B$3*R78*100+Formula!$B$4*H78*20+Formula!$B$5*MIN(N78*100/Formula!$B$7,100),2)/100 -> 0.455
A79: 1078 | B79: Broken window glass in Room 302 | C79: Window glass in Room 302 is cracked and rain water comes inside. | D79: Facilities | E79: AIDS | F79: aids28 | G79: =INDEX(Students!$B$2:$B$101,MATCH(F79,Students!$A$2:$A$101,0)) -> Tanishka Jadhav | H79: 3 | I79: 3 | J79: NO | K79: In Progress | L79: Civil Department | M79: Work has started on this issue. | N79: 4 | O79: aids28;aids29;aids18;aids5;aids11;aids33;aids20;aids17;aids30 | P79: =IF(O79="",0,LEN(O79)-LEN(SUBSTITUTE(O79,";",""))+1) -> 9 | Q79: =INDEX(Sections!$B$2:$B$4,MATCH(E79,Sections!$A$2:$A$4,0)) -> 40 | R79: =P79/Q79 -> 0.225 | S79: =ROUND(Formula!$B$2*I79*20+Formula!$B$3*R79*100+Formula!$B$4*H79*20+Formula!$B$5*MIN(N79*100/Formula!$B$7,100),2)/100 -> 0.4221
A80: 1079 | B80: Not enough reference books in library | C80: Reference books for the current semester are not available for all students. | D80: Academic | E80: AIDS | F80: aids29 | G80: =INDEX(Students!$B$2:$B$101,MATCH(F80,Students!$A$2:$A$101,0)) -> Harshada Bhatt | H80: 3 | I80: 2 | J80: NO | K80: Waiting | L80: Department Office | M80: Waiting for spare parts / approval. | N80: 21 | O80: aids29;aids3;aids18;aids31;aids6;aids15;aids36;aids26;aids4;aids22;aids12;aids11;aids1;aids10;aids19;aids13;aids38;aids35;aids28;aids34;aids14 | P80: =IF(O80="",0,LEN(O80)-LEN(SUBSTITUTE(O80,";",""))+1) -> 21 | Q80: =INDEX(Sections!$B$2:$B$4,MATCH(E80,Sections!$A$2:$A$4,0)) -> 40 | R80: =P80/Q80 -> 0.525 | S80: =ROUND(Formula!$B$2*I80*20+Formula!$B$3*R80*100+Formula!$B$4*H80*20+Formula!$B$5*MIN(N80*100/Formula!$B$7,100),2)/100 -> 0.5138
A81: 1080 | B81: Ceiling fan not working in Room 302 | C81: Two ceiling fans in Room 302 do not rotate, class is very hot in the afternoon. | D81: Electrical | E81: AIDS | F81: aids30 | G81: =INDEX(Students!$B$2:$B$101,MATCH(F81,Students!$A$2:$A$101,0)) -> Varun Mehta | H81: 3 | I81: 3 | J81: NO | K81: Submitted | N81: 3 | O81: aids30 | P81: =IF(O81="",0,LEN(O81)-LEN(SUBSTITUTE(O81,";",""))+1) -> 1 | Q81: =INDEX(Sections!$B$2:$B$4,MATCH(E81,Sections!$A$2:$A$4,0)) -> 40 | R81: =P81/Q81 -> 0.025 | S81: =ROUND(Formula!$B$2*I81*20+Formula!$B$3*R81*100+Formula!$B$4*H81*20+Formula!$B$5*MIN(N81*100/Formula!$B$7,100),2)/100 -> 0.3488
A82: 1081 | B82: Internet very slow in Computer Lab 2 | C82: Internet speed in Computer Lab 2 is too low to download libraries or datasets. | D82: IT / Network | E82: AIDS | F82: aids31 | G82: =INDEX(Students!$B$2:$B$101,MATCH(F82,Students!$A$2:$A$101,0)) -> Mihir Apte | H82: 4 | I82: 3 | J82: NO | K82: Submitted | N82: 2 | O82: aids31;aids15;aids40;aids14;aids34;aids30;aids11;aids25;aids32;aids39;aids4;aids1;aids20;aids37;aids28;aids13;aids10;aids9;aids24;aids27;aids26;aids22 | P82: =IF(O82="",0,LEN(O82)-LEN(SUBSTITUTE(O82,";",""))+1) -> 22 | Q82: =INDEX(Sections!$B$2:$B$4,MATCH(E82,Sections!$A$2:$A$4,0)) -> 40 | R82: =P82/Q82 -> 0.55 | S82: =ROUND(Formula!$B$2*I82*20+Formula!$B$3*R82*100+Formula!$B$4*H82*20+Formula!$B$5*MIN(N82*100/Formula!$B$7,100),2)/100 -> 0.5692
A83: 1082 | B83: Lab computers very slow in Computer Lab 2 | C83: Computers in Computer Lab 2 take around 10 minutes to start and hang while coding. | D83: IT / Network | E83: AIDS | F83: aids32 | G83: =INDEX(Students!$B$2:$B$101,MATCH(F83,Students!$A$2:$A$101,0)) -> Omkar Tambe | H83: 3 | I83: 3 | J83: NO | K83: Resolved | L83: IT Department | M83: Issue has been fixed. Waiting for the reporter to confirm. | N83: 21 | O83: aids32;aids3;aids16;aids30;aids12;aids2;aids21;aids27;aids39;aids34;aids28;aids5;aids31;aids14;aids13;aids22;aids1;aids33;aids11;aids26;aids17;aids19;aids35;aids37;aids40;aids7;aids20;aids29 | P83: =IF(O83="",0,LEN(O83)-LEN(SUBSTITUTE(O83,";",""))+1) -> 28 | Q83: =INDEX(Sections!$B$2:$B$4,MATCH(E83,Sections!$A$2:$A$4,0)) -> 40 | R83: =P83/Q83 -> 0.7 | S83: =ROUND(Formula!$B$2*I83*20+Formula!$B$3*R83*100+Formula!$B$4*H83*20+Formula!$B$5*MIN(N83*100/Formula!$B$7,100),2)/100 -> 0.645
A84: 1083 | B84: Exposed wires near staircase of ground floor | C84: Electric wires are hanging out of the wall near the staircase, dangerous for students. | D84: Safety | E84: AIDS | F84: aids33 | G84: =INDEX(Students!$B$2:$B$101,MATCH(F84,Students!$A$2:$A$101,0)) -> Tanishka Iyer | H84: 5 | I84: 5 | J84: YES | K84: Waiting | L84: Maintenance Team | M84: Waiting for spare parts / approval. | N84: 20 | O84: aids33;aids32;aids37;aids35;aids12;aids3 | P84: =IF(O84="",0,LEN(O84)-LEN(SUBSTITUTE(O84,";",""))+1) -> 6 | Q84: =INDEX(Sections!$B$2:$B$4,MATCH(E84,Sections!$A$2:$A$4,0)) -> 40 | R84: =P84/Q84 -> 0.15 | S84: =ROUND(Formula!$B$2*I84*20+Formula!$B$3*R84*100+Formula!$B$4*H84*20+Formula!$B$5*MIN(N84*100/Formula!$B$7,100),2)/100 -> 0.6692
A85: 1084 | B85: Broken benches in Room 101 | C85: Several benches in Room 101 are broken and students have to stand or share. | D85: Facilities | E85: AIDS | F85: aids34 | G85: =INDEX(Students!$B$2:$B$101,MATCH(F85,Students!$A$2:$A$101,0)) -> Kavya Gaikwad | H85: 3 | I85: 2 | J85: NO | K85: In Progress | L85: Civil Department | M85: Work has started on this issue. | N85: 16 | O85: aids34;aids16;aids38;aids28;aids11;aids12;aids3;aids29 | P85: =IF(O85="",0,LEN(O85)-LEN(SUBSTITUTE(O85,";",""))+1) -> 8 | Q85: =INDEX(Sections!$B$2:$B$4,MATCH(E85,Sections!$A$2:$A$4,0)) -> 40 | R85: =P85/Q85 -> 0.2 | S85: =ROUND(Formula!$B$2*I85*20+Formula!$B$3*R85*100+Formula!$B$4*H85*20+Formula!$B$5*MIN(N85*100/Formula!$B$7,100),2)/100 -> 0.3833
A86: 1085 | B86: Lab systems shut down suddenly in Data Science Lab | C86: Systems in Data Science Lab restart on their own and unsaved programs are lost. | D86: IT / Network | E86: AIDS | F86: aids35 | G86: =INDEX(Students!$B$2:$B$101,MATCH(F86,Students!$A$2:$A$101,0)) -> Rahul Singh | H86: 4 | I86: 3 | J86: NO | K86: In Progress | L86: IT Department | M86: Work has started on this issue. | N86: 9 | O86: aids35;aids22;aids16;aids32;aids6 | P86: =IF(O86="",0,LEN(O86)-LEN(SUBSTITUTE(O86,";",""))+1) -> 5 | Q86: =INDEX(Sections!$B$2:$B$4,MATCH(E86,Sections!$A$2:$A$4,0)) -> 40 | R86: =P86/Q86 -> 0.125 | S86: =ROUND(Formula!$B$2*I86*20+Formula!$B$3*R86*100+Formula!$B$4*H86*20+Formula!$B$5*MIN(N86*100/Formula!$B$7,100),2)/100 -> 0.4438
A87: 1086 | B87: Fees receipt not updated in portal | C87: Fees paid online are not reflecting in the portal, receipt is not downloadable. | D87: Administrative | E87: AIDS | F87: aids36 | G87: =INDEX(Students!$B$2:$B$101,MATCH(F87,Students!$A$2:$A$101,0)) -> Nikita Wagh | H87: 4 | I87: 3 | J87: NO | K87: Submitted | N87: 2 | O87: aids36;aids2 | P87: =IF(O87="",0,LEN(O87)-LEN(SUBSTITUTE(O87,";",""))+1) -> 2 | Q87: =INDEX(Sections!$B$2:$B$4,MATCH(E87,Sections!$A$2:$A$4,0)) -> 40 | R87: =P87/Q87 -> 0.05 | S87: =ROUND(Formula!$B$2*I87*20+Formula!$B$3*R87*100+Formula!$B$4*H87*20+Formula!$B$5*MIN(N87*100/Formula!$B$7,100),2)/100 -> 0.3942
A88: 1087 | B88: Lab computers very slow in Data Science Lab | C88: Computers in Data Science Lab take around 10 minutes to start and hang while coding. | D88: IT / Network | E88: AIDS | F88: aids37 | G88: =INDEX(Students!$B$2:$B$101,MATCH(F88,Students!$A$2:$A$101,0)) -> Vaishnavi Parab | H88: 3 | I88: 3 | J88: NO | K88: Closed | L88: IT Department | M88: Fix confirmed by the reporter. | N88: 21 | O88: aids37;aids34;aids32;aids27;aids2;aids36;aids12;aids33;aids9 | P88: =IF(O88="",0,LEN(O88)-LEN(SUBSTITUTE(O88,";",""))+1) -> 9 | Q88: =INDEX(Sections!$B$2:$B$4,MATCH(E88,Sections!$A$2:$A$4,0)) -> 40 | R88: =P88/Q88 -> 0.225 | S88: =ROUND(Formula!$B$2*I88*20+Formula!$B$3*R88*100+Formula!$B$4*H88*20+Formula!$B$5*MIN(N88*100/Formula!$B$7,100),2)/100 -> 0.4788
A89: 1088 | B89: AC not cooling in Data Science Lab | C89: AC in Data Science Lab makes noise but gives no cooling, systems heat up. | D89: Electrical | E89: AIDS | F89: aids38 | G89: =INDEX(Students!$B$2:$B$101,MATCH(F89,Students!$A$2:$A$101,0)) -> Kunal Kadam | H89: 3 | I89: 3 | J89: NO | K89: In Progress | L89: Maintenance Team | M89: Work has started on this issue. | N89: 22 | O89: aids38;aids1;aids32 | P89: =IF(O89="",0,LEN(O89)-LEN(SUBSTITUTE(O89,";",""))+1) -> 3 | Q89: =INDEX(Sections!$B$2:$B$4,MATCH(E89,Sections!$A$2:$A$4,0)) -> 40 | R89: =P89/Q89 -> 0.075 | S89: =ROUND(Formula!$B$2*I89*20+Formula!$B$3*R89*100+Formula!$B$4*H89*20+Formula!$B$5*MIN(N89*100/Formula!$B$7,100),2)/100 -> 0.4296
A90: 1089 | B90: Power sockets not working in Data Science Lab | C90: Most sockets near the benches in Data Science Lab give no power, laptops cannot be charged. | D90: Electrical | E90: AIDS | F90: aids39 | G90: =INDEX(Students!$B$2:$B$101,MATCH(F90,Students!$A$2:$A$101,0)) -> Saurabh Mishra | H90: 3 | I90: 3 | J90: NO | K90: Under Review | M90: Complaint is being reviewed by the admin. | N90: 4 | O90: aids39 | P90: =IF(O90="",0,LEN(O90)-LEN(SUBSTITUTE(O90,";",""))+1) -> 1 | Q90: =INDEX(Sections!$B$2:$B$4,MATCH(E90,Sections!$A$2:$A$4,0)) -> 40 | R90: =P90/Q90 -> 0.025 | S90: =ROUND(Formula!$B$2*I90*20+Formula!$B$3*R90*100+Formula!$B$4*H90*20+Formula!$B$5*MIN(N90*100/Formula!$B$7,100),2)/100 -> 0.3521
A91: 1090 | B91: Projector screen torn in Room 204 | C91: Projector screen in Room 204 is torn and the slides are not clearly visible. | D91: Academic | E91: AIDS | F91: aids40 | G91: =INDEX(Students!$B$2:$B$101,MATCH(F91,Students!$A$2:$A$101,0)) -> Kiran More | H91: 2 | I91: 2 | J91: NO | K91: Closed | L91: Department Office | M91: Fix confirmed by the reporter. | N91: 24 | O91: aids40;aids28 | P91: =IF(O91="",0,LEN(O91)-LEN(SUBSTITUTE(O91,";",""))+1) -> 2 | Q91: =INDEX(Sections!$B$2:$B$4,MATCH(E91,Sections!$A$2:$A$4,0)) -> 40 | R91: =P91/Q91 -> 0.05 | S91: =ROUND(Formula!$B$2*I91*20+Formula!$B$3*R91*100+Formula!$B$4*H91*20+Formula!$B$5*MIN(N91*100/Formula!$B$7,100),2)/100 -> 0.3175
A92: 1091 | B92: Projector screen torn in Room 204 | C92: Projector screen in Room 204 is torn and the slides are not clearly visible. | D92: Academic | E92: AIML | F92: aiml1 | G92: =INDEX(Students!$B$2:$B$101,MATCH(F92,Students!$A$2:$A$101,0)) -> Swati Parab | H92: 2 | I92: 2 | J92: NO | K92: Under Review | M92: Complaint is being reviewed by the admin. | N92: 6 | O92: aiml1;aiml10;aiml6 | P92: =IF(O92="",0,LEN(O92)-LEN(SUBSTITUTE(O92,";",""))+1) -> 3 | Q92: =INDEX(Sections!$B$2:$B$4,MATCH(E92,Sections!$A$2:$A$4,0)) -> 10 | R92: =P92/Q92 -> 0.3 | S92: =ROUND(Formula!$B$2*I92*20+Formula!$B$3*R92*100+Formula!$B$4*H92*20+Formula!$B$5*MIN(N92*100/Formula!$B$7,100),2)/100 -> 0.345
A93: 1092 | B93: AC not cooling in Computer Lab 4 | C93: AC in Computer Lab 4 makes noise but gives no cooling, systems heat up. | D93: Electrical | E93: AIML | F93: aiml2 | G93: =INDEX(Students!$B$2:$B$101,MATCH(F93,Students!$A$2:$A$101,0)) -> Apoorva Nair | H93: 3 | I93: 3 | J93: NO | K93: In Progress | L93: Maintenance Team | M93: Work has started on this issue. | N93: 22 | O93: aiml2;aiml9 | P93: =IF(O93="",0,LEN(O93)-LEN(SUBSTITUTE(O93,";",""))+1) -> 2 | Q93: =INDEX(Sections!$B$2:$B$4,MATCH(E93,Sections!$A$2:$A$4,0)) -> 10 | R93: =P93/Q93 -> 0.2 | S93: =ROUND(Formula!$B$2*I93*20+Formula!$B$3*R93*100+Formula!$B$4*H93*20+Formula!$B$5*MIN(N93*100/Formula!$B$7,100),2)/100 -> 0.4733
A94: 1093 | B94: Lab systems shut down suddenly in AIML Lab | C94: Systems in AIML Lab restart on their own and unsaved programs are lost. | D94: IT / Network | E94: AIML | F94: aiml3 | G94: =INDEX(Students!$B$2:$B$101,MATCH(F94,Students!$A$2:$A$101,0)) -> Karan Sawant | H94: 4 | I94: 3 | J94: NO | K94: In Progress | L94: IT Department | M94: Work has started on this issue. | N94: 19 | O94: aiml3;aiml1;aiml8;aiml7;aiml2;aiml4;aiml6 | P94: =IF(O94="",0,LEN(O94)-LEN(SUBSTITUTE(O94,";",""))+1) -> 7 | Q94: =INDEX(Sections!$B$2:$B$4,MATCH(E94,Sections!$A$2:$A$4,0)) -> 10 | R94: =P94/Q94 -> 0.7 | S94: =ROUND(Formula!$B$2*I94*20+Formula!$B$3*R94*100+Formula!$B$4*H94*20+Formula!$B$5*MIN(N94*100/Formula!$B$7,100),2)/100 -> 0.6783
A95: 1094 | B95: Parking area has no lighting | C95: Two-wheeler parking is dark in the evening and feels unsafe after practical sessions. | D95: Facilities | E95: AIML | F95: aiml4 | G95: =INDEX(Students!$B$2:$B$101,MATCH(F95,Students!$A$2:$A$101,0)) -> Sanket More | H95: 3 | I95: 3 | J95: NO | K95: Reopened | L95: Civil Department | M95: Reporter says the problem is not fixed. | N95: 21 | O95: aiml4;aiml9 | P95: =IF(O95="",0,LEN(O95)-LEN(SUBSTITUTE(O95,";",""))+1) -> 2 | Q95: =INDEX(Sections!$B$2:$B$4,MATCH(E95,Sections!$A$2:$A$4,0)) -> 10 | R95: =P95/Q95 -> 0.2 | S95: =ROUND(Formula!$B$2*I95*20+Formula!$B$3*R95*100+Formula!$B$4*H95*20+Formula!$B$5*MIN(N95*100/Formula!$B$7,100),2)/100 -> 0.47
A96: 1095 | B96: Ceiling fan not working in Room 101 | C96: Two ceiling fans in Room 101 do not rotate, class is very hot in the afternoon. | D96: Electrical | E96: AIML | F96: aiml5 | G96: =INDEX(Students!$B$2:$B$101,MATCH(F96,Students!$A$2:$A$101,0)) -> Kiran Reddy | H96: 3 | I96: 3 | J96: NO | K96: Submitted | N96: 0 | O96: aiml5;aiml6;aiml8 | P96: =IF(O96="",0,LEN(O96)-LEN(SUBSTITUTE(O96,";",""))+1) -> 3 | Q96: =INDEX(Sections!$B$2:$B$4,MATCH(E96,Sections!$A$2:$A$4,0)) -> 10 | R96: =P96/Q96 -> 0.3 | S96: =ROUND(Formula!$B$2*I96*20+Formula!$B$3*R96*100+Formula!$B$4*H96*20+Formula!$B$5*MIN(N96*100/Formula!$B$7,100),2)/100 -> 0.435
A97: 1096 | B97: Software not installed in AIML Lab | C97: Required IDE and Python packages are missing on many systems in AIML Lab. | D97: IT / Network | E97: AIML | F97: aiml6 | G97: =INDEX(Students!$B$2:$B$101,MATCH(F97,Students!$A$2:$A$101,0)) -> Apoorva Sawant | H97: 3 | I97: 2 | J97: NO | K97: Assigned | L97: IT Department | M97: Assigned to the concerned team. | N97: 13 | O97: aiml6;aiml8;aiml5 | P97: =IF(O97="",0,LEN(O97)-LEN(SUBSTITUTE(O97,";",""))+1) -> 3 | Q97: =INDEX(Sections!$B$2:$B$4,MATCH(E97,Sections!$A$2:$A$4,0)) -> 10 | R97: =P97/Q97 -> 0.3 | S97: =ROUND(Formula!$B$2*I97*20+Formula!$B$3*R97*100+Formula!$B$4*H97*20+Formula!$B$5*MIN(N97*100/Formula!$B$7,100),2)/100 -> 0.4083
A98: 1097 | B98: Lab equipment shortage in Computer Lab 4 | C98: There are not enough working kits in Computer Lab 4, 4 students share one system. | D98: Academic | E98: AIML | F98: aiml7 | G98: =INDEX(Students!$B$2:$B$101,MATCH(F98,Students!$A$2:$A$101,0)) -> Sakshi Gaikwad | H98: 3 | I98: 3 | J98: NO | K98: Resolved | L98: Department Office | M98: Issue has been fixed. Waiting for the reporter to confirm. | N98: 17 | O98: aiml7;aiml4 | P98: =IF(O98="",0,LEN(O98)-LEN(SUBSTITUTE(O98,";",""))+1) -> 2 | Q98: =INDEX(Sections!$B$2:$B$4,MATCH(E98,Sections!$A$2:$A$4,0)) -> 10 | R98: =P98/Q98 -> 0.2 | S98: =ROUND(Formula!$B$2*I98*20+Formula!$B$3*R98*100+Formula!$B$4*H98*20+Formula!$B$5*MIN(N98*100/Formula!$B$7,100),2)/100 -> 0.4567
A99: 1098 | B99: Ceiling fan not working in Room 105 | C99: Two ceiling fans in Room 105 do not rotate, class is very hot in the afternoon. | D99: Electrical | E99: AIML | F99: aiml8 | G99: =INDEX(Students!$B$2:$B$101,MATCH(F99,Students!$A$2:$A$101,0)) -> Ketaki Bhosale | H99: 3 | I99: 2 | J99: NO | K99: Assigned | L99: Maintenance Team | M99: Assigned to the concerned team. | N99: 7 | O99: aiml8 | P99: =IF(O99="",0,LEN(O99)-LEN(SUBSTITUTE(O99,";",""))+1) -> 1 | Q99: =INDEX(Sections!$B$2:$B$4,MATCH(E99,Sections!$A$2:$A$4,0)) -> 10 | R99: =P99/Q99 -> 0.1 | S99: =ROUND(Formula!$B$2*I99*20+Formula!$B$3*R99*100+Formula!$B$4*H99*20+Formula!$B$5*MIN(N99*100/Formula!$B$7,100),2)/100 -> 0.3183
A100: 1099 | B100: Projector not working in Room 105 | C100: Projector in Room 105 switches off after a few minutes, lectures get interrupted. | D100: Electrical | E100: AIML | F100: aiml9 | G100: =INDEX(Students!$B$2:$B$101,MATCH(F100,Students!$A$2:$A$101,0)) -> Aarti Sharma | H100: 4 | I100: 3 | J100: NO | K100: Submitted | N100: 0 | O100: aiml9;aiml8;aiml10 | P100: =IF(O100="",0,LEN(O100)-LEN(SUBSTITUTE(O100,";",""))+1) -> 3 | Q100: =INDEX(Sections!$B$2:$B$4,MATCH(E100,Sections!$A$2:$A$4,0)) -> 10 | R100: =P100/Q100 -> 0.3 | S100: =ROUND(Formula!$B$2*I100*20+Formula!$B$3*R100*100+Formula!$B$4*H100*20+Formula!$B$5*MIN(N100*100/Formula!$B$7,100),2)/100 -> 0.475
...

Sheet Formula
A1: Part of the score | B1: Weight | C1: How it is converted to 0-100
A2: Severity | B2: 0.35 | C2: severity (1-5) x 20
A3: Support % | B3: 0.35 | C3: votes / students of the section x 100
A4: Urgency | B4: 0.2 | C4: urgency (1-5) x 20
A5: Waiting time | B5: 0.1 | C5: days waiting x 100 / 30, maximum 100
A6: Total (must be 100%) | B6: =SUM(B2:B5) -> 1
A7: Maximum waiting days | B7: 30 | C7: After this many days the waiting part is already 100
A9: Score = 0.35 x Severity + 0.35 x Support % + 0.20 x Urgency + 0.10 x Waiting. Score is a percentage; 100% only if every part is at its maximum. Safety critical complaints keep their real score and are listed first.
A10: Support % uses the students of the SECTION, so AIML (10 students) is treated as fairly as CSE (50 students).
